mcode,capture.date,stat.week,tag.group,card.no,fish.no,swim.dir,time.in,sex,length,time.out,species,notes,age,lat,long,mesh.size,secchi.dis,secchi.re,air.temp,water.temp,wind.sp,wind.dir,cloud.cov,capture.loc,deploy.ymd.hms,deploy.unix,det.hist,recap,final.fate,ff.ymd.hms,ff.unix,at.large.unix,at.large.dhm,spawn.group,spawn.stream
15,7/30/2020,31,1,1,1,S,13:01,M,540,13:12,coho,,3,63.97997,-160.88122,5-7/8 in,0.5,0.4,56,56,12,SE,100,6a,7/30/2020 13:12,1596114720,NA,6a,3c,8/9/2020 1:00,1596934800,820080,9d 11H 48M 0S,NA,NA
35,7/30/2020,31,1,1,2,N,13:16,M,534,13:20,coho,,2.1,63.97997,-160.88122,5-7/8 in,0.5,0.4,56,56,12,SE,100,6a,7/30/2020 13:20,1596115200,NA,6b,3c,8/2/2020 5:00,1596344400,229200,2d 15H 40M 0S,NA,NA
55,7/31/2020,31,1,2,1,S,10:01,M,499,10:07,coho,,2.1,63.82572,-160.76588,5-7/8 in,0.5,0.4,59,58,5,E,99,6b,7/31/2020 10:07,1596190020,NA,NA,4,NA,NA,NA,NA,NA,NA
75,8/4/2020,32,1,3,1,S,9:28,F,558,9:33,coho,,1.1,63.91225,-160.81984,5-5/8 in,0.4,0.3,58,58,2,S,87,6b,8/4/2020 9:33,1596533580,"5,5,U",NA,1a,8/6/2020 16:46,1596761217,227637,2d 15H 13M 57S,6,U
95,8/4/2020,32,1,3,2,S,10:28,M,479,10:38,coho,,2.1,63.91225,-160.81984,5-5/8 in,0.4,0.3,58,58,2,S,87,6b,8/4/2020 10:38,1596537480,"5,4,4,5",NA,3a,8/12/2020 14:02,1597269729,732249,8d 11H 24M 9S,NA,NA
115,8/4/2020,32,1,3,3,S,11:31,F,522,11:35,coho,,3,63.91225,-160.81984,5-5/8 in,0.4,0.3,58,58,2,S,87,6b,8/4/2020 11:35,1596540900,"5,4",NA,3a,8/5/2020 17:53,1596678837,137937,1d 14H 18M 57S,NA,NA
135,8/5/2020,32,1,4,1,S,12:37,M,512,12:41,coho,,1.1,65.85706,-160.78398,5-5/8 in,0.4,0.2,NA,NA,1,W,89,6c,8/5/2020 12:41,1596631260,NA,NA,4,NA,NA,NA,NA,NA,NA
155,8/5/2020,32,1,4,2,N,14:18,F,529,14:26,coho,,2.1,64.01717,-160.91177,5-5/8 in,0.7,0.5,NA,NA,7,NW,75,6a,8/5/2020 14:26,1596637560,NA,NA,4,NA,NA,NA,NA,NA,NA
175,8/5/2020,32,1,4,3,N,14:18,M,583,14:30,coho,,2.1,64.01717,-160.91177,5-5/8 in,0.7,0.5,NA,NA,7,NW,75,6a,8/5/2020 14:30,1596637800,4,NA,3a,8/8/2020 21:49,1596952185,314385,3d 15H 19M 45S,NA,NA
195,8/5/2020,32,1,4,4,N,14:33,M,524,14:38,coho,,2.1,64.01717,-160.91177,5-5/8 in,0.7,0.5,NA,NA,7,NW,75,6a,8/5/2020 14:38,1596638280,"5,U",NA,1a,8/7/2020 7:44,1596815075,176795,2d 1H 6M 35S,6,U
215,8/5/2020,32,1,4,5,N,14:43,M,543,14:47,coho,,2.1,64.01717,-160.91177,5-5/8 in,0.7,0.5,NA,NA,7,NW,75,6a,8/5/2020 14:47,1596638820,"5,U",NA,1a,8/8/2020 10:17,1596910634,271814,3d 3H 30M 14S,6,U
235,8/5/2020,32,1,4,6,S,15:12,M,505,15:16,coho,,2.1,64.01717,-160.91177,5-5/8 in,0.7,0.5,NA,NA,7,NW,75,6a,8/5/2020 15:16,1596640560,4,NA,3a,8/6/2020 15:57,1596758262,117702,1d 8H 41M 42S,NA,NA
255,8/5/2020,32,1,4,7,N,15:12,F,475,15:23,coho,,2.1,64.01717,-160.91177,5-5/8 in,0.7,0.5,NA,NA,7,NW,75,6a,8/5/2020 15:23,1596640980,NA,5,3c,8/9/2020 1:00,1596934800,293820,3d 9H 37M 0S,NA,NA
275,8/5/2020,32,1,4,8,N,15:15,M,515,15:28,coho,,2.1,64.01717,-160.91177,5-5/8 in,0.7,0.5,NA,NA,7,NW,75,6a,8/5/2020 15:28,1596641280,"5,U",NA,1a,8/6/2020 15:01,1596754873,113593,1d 7H 33M 13S,6,U
295,8/5/2020,32,1,4,9,N,15:41,M,520,15:45,coho,,2.1,64.01717,-160.91177,5-5/8 in,0.7,0.5,NA,NA,7,NW,75,6a,8/5/2020 15:45,1596642300,NA,NA,4,NA,NA,NA,NA,NA,NA
315,8/5/2020,32,1,4,10,N,15:45,M,524,15:53,coho,,1.1,64.01717,-160.91177,5-5/8 in,0.7,0.5,NA,NA,7,NW,75,6a,8/5/2020 15:53,1596642780,NA,NA,4,NA,NA,NA,NA,NA,NA
335,8/5/2020,32,1,5,1,S,15:48,M,470,15:58,coho,,3,64.01717,-160.91177,5-5/8 in,0.7,0.5,NA,NA,7,NW,75,6a,8/5/2020 15:58,1596643080,NA,NA,4,NA,NA,NA,NA,NA,NA
355,8/5/2020,32,1,5,2,N,15:48,M,464,16:06,coho,,2.1,64.01717,-160.91177,5-5/8 in,0.7,0.5,NA,NA,7,NW,75,6a,8/5/2020 16:06,1596643560,5,NA,3a,8/6/2020 9:32,1596735161,91601,1d 1H 26M 41S,NA,NA
375,8/5/2020,32,1,5,3,N,16:02,M,575,16:09,coho,,2.1,64.01717,-160.91177,5-5/8 in,0.7,0.5,NA,NA,7,NW,75,6a,8/5/2020 16:09,1596643740,"5,U",NA,1a,8/8/2020 8:16,1596903369,259629,3d 0H 7M 9S,6,U
395,8/5/2020,32,1,5,4,S,16:03,M,498,16:12,coho,,1.1,64.01717,-160.91177,5-5/8 in,0.7,0.5,NA,NA,7,NW,75,6a,8/5/2020 16:12,1596643920,"5,U",NA,1a,8/6/2020 15:35,1596756940,113020,1d 7H 23M 40S,6,U
415,8/5/2020,32,1,5,5,S,16:15,M,528,16:31,coho,,2.1,64.01717,-160.91177,5-5/8 in,0.7,0.5,NA,NA,7,NW,75,6a,8/5/2020 16:31,1596645060,"5,U",NA,1a,8/7/2020 22:21,1596867686,222626,2d 13H 50M 26S,6,U
435,8/5/2020,32,1,5,6,N,16:17,M,499,16:27,coho,,2.1,64.01717,-160.91177,5-5/8 in,0.7,0.5,NA,NA,7,NW,75,6a,8/5/2020 16:27,1596644820,"4,S",NA,1a,8/12/2020 19:08,1597288114,643294,7d 10H 41M 34S,5,S
455,8/5/2020,32,1,5,7,S,16:20,F,576,16:35,coho,,3,64.01717,-160.91177,5-5/8 in,0.7,0.5,NA,NA,7,NW,75,6a,8/5/2020 16:35,1596645300,4,6a,3b,8/9/2020 1:00,1596934800,289500,3d 8H 25M 0S,NA,NA
475,8/6/2020,32,1,6,1,S,12:00,F,519,12:03,coho,,1.1,64.03183,-160.92131,5-5/8 in,2.2,2.1,56,57,7,E,95,6a,8/6/2020 12:03,1596715380,"4,5,U",NA,1a,8/10/2020 17:25,1597109157,393777,4d 13H 22M 57S,6,U
495,8/6/2020,32,1,6,2,N,12:20,M,517,12:26,coho,,2.1,64.01718,-160.91241,5-5/8 in,2.2,2.1,59,57,5,NW,60,6a,8/6/2020 12:26,1596716760,"4,4,5",NA,3a,8/8/2020 23:02,1596956573,239813,2d 18H 36M 53S,NA,NA
515,8/6/2020,32,1,6,3,S,12:52,F,584,12:57,coho,,2.1,64.01718,-160.91241,5-5/8 in,2.2,2.1,59,57,5,NW,60,6a,8/6/2020 12:57,1596718620,"4,4,5,U",NA,1a,8/13/2020 17:11,1597367462,648842,7d 12H 14M 2S,6,U
535,8/6/2020,32,1,6,4,N,13:09,M,515,13:14,coho,,1.1,64.01718,-160.91241,5-5/8 in,2.2,2.1,59,57,5,NW,60,6a,8/6/2020 13:14,1596719640,E,NA,1a,8/9/2020 23:52,1597045965,326325,3d 18H 38M 45S,6,E
555,8/6/2020,32,1,6,5,N,13:23,F,561,13:29,coho,,2.1,64.01718,-160.91241,5-5/8 in,2.2,2.1,59,57,5,NW,60,6a,8/6/2020 13:29,1596720540,"5,U",NA,1a,8/8/2020 9:42,1596908548,188008,2d 4H 13M 28S,6,U
575,8/6/2020,32,1,6,6,N,13:34,M,515,13:38,coho,,1.1,64.01718,-160.91241,5-5/8 in,2.2,2.1,59,57,5,NW,60,6a,8/6/2020 13:38,1596721080,"5,U",NA,1a,8/9/2020 6:40,1596984011,262931,3d 1H 2M 11S,6,U
595,8/6/2020,32,1,6,7,N,13:34,M,528,13:41,coho,,2.1,64.01718,-160.91241,5-5/8 in,2.2,2.1,59,57,5,NW,60,6a,8/6/2020 13:41,1596721260,NA,NA,4,NA,NA,NA,NA,NA,NA
615,8/6/2020,32,1,6,8,N,13:34,M,519,13:44,coho,,2.1,64.01718,-160.91241,5-5/8 in,2.2,2.1,59,57,5,NW,60,6a,8/6/2020 13:44,1596721440,"4,4,5,U",NA,1a,8/8/2020 18:39,1596940770,219330,2d 12H 55M 30S,6,U
635,8/6/2020,32,1,6,9,N,13:34,M,611,13:47,coho,,3,64.01718,-160.91241,5-5/8 in,2.2,2.1,59,57,5,NW,60,6a,8/6/2020 13:47,1596721620,4,6a,3b,8/9/2020 1:00,1596934800,213180,2d 11H 13M 0S,NA,NA
655,8/6/2020,32,1,6,10,N,13:34,F,536,13:49,coho,,2.1,64.01718,-160.91241,5-5/8 in,2.2,2.1,59,57,5,NW,60,6a,8/6/2020 13:49,1596721740,"4,4,5",6a,3b,8/9/2020 17:00,1596992400,270660,3d 3H 11M 0S,NA,NA
675,8/6/2020,32,1,7,1,N,13:55,M,543,13:58,coho,,3.1,64.01718,-160.91241,5-5/8 in,2.2,2.1,59,57,5,NW,60,6a,8/6/2020 13:58,1596722280,"5,U",NA,1a,8/7/2020 9:24,1596821077,98797,1d 3H 26M 37S,6,U
695,8/6/2020,32,1,7,2,N,14:12,F,547,14:16,coho,,3.1,64.01718,-160.91241,5-5/8 in,2.2,2.1,59,57,5,NW,60,6a,8/6/2020 14:16,1596723360,"4,4",NA,3a,8/7/2020 16:37,1596847074,123714,1d 10H 21M 54S,NA,NA
715,8/6/2020,32,1,7,3,N,14:26,M,489,14:30,coho,,2.1,64.01718,-160.91241,5-5/8 in,2.2,2.1,59,57,5,NW,60,6a,8/6/2020 14:30,1596724200,"5,U",U,1b,8/7/2020 22:24,1596867869,143669,1d 15H 54M 29S,6,U
735,8/6/2020,32,1,7,4,N,14:41,M,543,14:45,coho,,2.1,64.01718,-160.91241,5-5/8 in,2.2,2.1,59,57,5,NW,60,6a,8/6/2020 14:45,1596725100,"5,U",U,1b,8/7/2020 6:10,1596809418,84318,23H 25M 18S,6,U
755,8/6/2020,32,1,7,5,N,15:00,M,418,15:04,sockeye,,7,64.02528,-160.94028,5-5/8 in,2.2,2.1,59,57,5,NW,60,6a,8/6/2020 15:04,1596726240,"5,U",NA,1a,8/7/2020 13:45,1596836740,110500,1d 6H 41M 40S,6,U
775,8/6/2020,32,1,7,6,N,15:11,M,564,15:15,coho,,2.1,64.01718,-160.91241,5-5/8 in,2.2,2.1,59,57,5,NW,60,6a,8/6/2020 15:15,1596726900,NA,NA,4,NA,NA,NA,NA,NA,NA
795,8/6/2020,32,1,7,7,S,15:19,M,435,15:37,sockeye,,7,64.02528,-160.94028,5-5/8 in,2.2,2.1,59,57,5,NW,60,6a,8/6/2020 15:37,1596728220,NA,NA,4,NA,NA,NA,NA,NA,NA
815,8/3/2020,32,1,NA,1,S,14:25,F,543,14:30,coho,,3,63.95282,-160.85172,5-5/8 in,2.2,2.1,65,59,15,NW,60,6b,8/3/2020 14:30,1596465000,"5,5,U",NA,1a,8/7/2020 2:00,1596794449,329449,3d 19H 30M 49S,6,U
835,8/3/2020,32,1,NA,2,S,14:48,M,585,14:51,coho,,3,63.95282,-160.85172,5-5/8 in,2.2,2.1,65,59,15,NW,60,6b,8/3/2020 14:51,1596466260,"5,U",NA,1a,8/6/2020 15:54,1596758075,291815,3d 9H 3M 35S,6,U
855,8/6/2020,32,1,7,8,N,15:30,F,551,15:38,coho,,2.1,64.01718,-160.91241,5-5/8 in,2.2,2.1,59,57,5,NW,60,6a,8/6/2020 15:38,1596728280,NA,NA,4,NA,NA,NA,NA,NA,NA
875,8/6/2020,32,1,7,9,N,15:32,M,544,15:38,coho,,3,64.01718,-160.91241,5-5/8 in,2.2,2.1,59,57,5,NW,60,6a,8/6/2020 15:38,1596728280,"4,5",6b,3b,8/9/2020 1:00,1596934800,206520,2d 9H 22M 0S,NA,NA
895,8/7/2020,32,1,8,1,S,10:11,F,533,10:26,coho,,1.1,64.0169,-160.91451,5-5/8 in,0.8,0.5,60,58,7,S,85,6a,8/7/2020 10:26,1596795960,"5,5,5,4,S",NA,1a,8/15/2020 5:43,1597499017,703057,8d 3H 17M 37S,5,S
915,8/7/2020,32,1,8,2,N,10:12,F,576,10:26,coho,,2.1,64.0169,-160.91451,5-5/8 in,0.8,0.5,60,58,7,S,85,6a,8/7/2020 10:26,1596795960,4,NA,3a,8/8/2020 7:07,1596899254,103294,1d 4H 41M 34S,NA,NA
935,8/7/2020,32,1,8,3,N,10:15,M,405,10:28,coho,,2.1,64.0169,-160.91451,5-5/8 in,0.8,0.5,60,58,7,S,85,6a,8/7/2020 10:28,1596796080,"5,U",U,1b,8/8/2020 13:31,1596922288,126208,1d 11H 3M 28S,6,U
955,8/7/2020,32,1,8,4,N,10:17,F,505,10:31,coho,,1.1,64.0169,-160.91451,5-5/8 in,0.8,0.5,60,58,7,S,85,6a,8/7/2020 10:31,1596796260,E,NA,1a,8/13/2020 13:10,1597353017,556757,6d 10H 39M 17S,6,E
975,8/7/2020,32,1,8,5,N,10:50,M,599,10:55,coho,,2.1,64.0169,-160.91451,5-5/8 in,0.8,0.5,60,58,7,S,85,6a,8/7/2020 10:55,1596797700,NA,NA,4,NA,NA,NA,NA,NA,NA
995,8/7/2020,32,1,8,6,N,11:02,M,501,11:05,coho,,2.1,64.0169,-160.91451,5-5/8 in,0.8,0.5,60,58,7,S,85,6a,8/7/2020 11:05,1596798300,"5,U",NA,1a,8/7/2020 23:38,1596872330,74030,20H 33M 50S,6,U
1015,8/7/2020,32,1,8,7,S,11:09,M,568,11:12,coho,,3.1,64.0169,-160.91451,5-5/8 in,0.8,0.5,60,58,7,S,85,6a,8/7/2020 11:12,1596798720,"5,U",NA,1a,8/8/2020 18:35,1596940552,141832,1d 15H 23M 52S,6,U
1035,8/7/2020,32,1,8,8,N,11:10,M,612,11:17,coho,,1.1,64.0169,-160.91451,5-5/8 in,0.8,0.5,60,58,7,S,85,6a,8/7/2020 11:17,1596799020,"E,E,5,U",NA,1a,8/17/2020 17:10,1597713012,913992,10d 13H 53M 12S,6,U
1055,8/7/2020,32,1,8,9,N,11:33,F,554,11:38,coho,,2.1,64.0169,-160.91451,5-5/8 in,0.8,0.5,60,58,7,S,85,6a,8/7/2020 11:38,1596800280,"4,4,U",NA,1a,8/9/2020 9:18,1596993529,193249,2d 5H 40M 49S,6,U
1075,8/7/2020,32,1,8,10,N,11:45,F,509,11:52,coho,,3,64.0169,-160.91451,5-5/8 in,0.8,0.5,60,58,7,S,85,6a,8/7/2020 11:52,1596801120,5,U,1b,8/8/2020 12:00,1596888000,86880,1d 0H 8M 0S,6,U
1095,8/7/2020,32,1,9,1,N,12:04,M,557,12:09,coho,,1.1,64.0169,-160.91451,5-5/8 in,0.8,0.5,60,58,7,S,85,6a,8/7/2020 12:09,1596802140,"5,U",NA,1a,8/8/2020 9:24,1596907473,105333,1d 5H 15M 33S,6,U
1115,8/7/2020,32,1,9,2,S,12:33,M,534,12:38,coho,,2.1,64.0169,-160.91451,5-5/8 in,0.8,0.5,60,58,7,S,85,6a,8/7/2020 12:38,1596803880,"4,4",NA,3a,8/9/2020 9:11,1596993113,189233,2d 4H 33M 53S,NA,NA
1135,8/7/2020,32,1,9,3,N,12:33,M,549,12:41,coho,,2.1,64.0169,-160.91451,5-5/8 in,0.8,0.5,60,58,7,S,85,6a,8/7/2020 12:41,1596804060,"5,U",NA,1a,8/8/2020 22:07,1596953230,149170,1d 17H 26M 10S,6,U
1155,8/7/2020,32,1,9,4,S,12:43,M,506,12:52,coho,,1.1,64.0169,-160.91451,5-5/8 in,0.8,0.5,60,58,7,S,85,6a,8/7/2020 12:52,1596804720,"4,5,U",NA,1a,8/9/2020 23:26,1597044402,239682,2d 18H 34M 42S,6,U
1175,8/7/2020,32,1,9,5,N,12:44,M,481,12:52,coho,,2.1,64.0169,-160.91451,5-5/8 in,0.8,0.5,60,58,7,S,85,6a,8/7/2020 12:52,1596804720,"E,E,4,S",NA,1a,8/15/2020 18:25,1597544739,740019,8d 13H 33M 39S,5,S
1195,8/7/2020,32,1,9,6,N,12:45,M,536,12:53,coho,,2.1,64.0169,-160.91451,5-5/8 in,0.8,0.5,60,58,7,S,85,6a,8/7/2020 12:53,1596804780,"4,5,U",NA,1a,8/14/2020 16:17,1597450632,645852,7d 11H 24M 12S,6,U
1215,8/7/2020,32,1,9,7,N,13:22,F,570,13:27,coho,,2.1,64.0169,-160.91451,5-5/8 in,0.8,0.5,60,58,7,S,85,6a,8/7/2020 13:27,1596806820,E,NA,1a,8/8/2020 19:49,1596944960,138140,1d 14H 22M 20S,6,E
1235,8/7/2020,32,1,9,8,N,13:57,M,580,14:01,coho,,4,64.0169,-160.91451,5-5/8 in,0.8,0.5,60,58,7,S,85,6a,8/7/2020 14:01,1596808860,"5,U",NA,1a,8/8/2020 20:33,1596947594,138734,1d 14H 32M 14S,6,U
1255,8/7/2020,32,1,9,9,N,14:37,F,541,14:41,coho,,2.1,64.0169,-160.91451,5-5/8 in,0.8,0.5,60,58,7,S,85,6a,8/7/2020 14:41,1596811260,"4,4,U",NA,1a,8/11/2020 21:07,1597208853,397593,4d 14H 26M 33S,6,U
1275,8/7/2020,32,1,9,10,S,14:57,M,499,15:07,coho,,2.1,64.0169,-160.91451,5-5/8 in,0.8,0.5,60,58,7,S,85,6a,8/7/2020 15:07,1596812820,"5,6,7,U",U,1b,8/15/2020 10:51,1597517489,704669,8d 3H 44M 29S,6,U
1295,8/7/2020,32,1,10,1,S,14:58,M,537,15:11,coho,,3,64.0169,-160.91451,5-5/8 in,0.8,0.5,60,58,7,S,85,6a,8/7/2020 15:11,1596813060,4,NA,3a,8/12/2020 9:59,1597255197,442137,5d 2H 48M 57S,NA,NA
1315,8/7/2020,32,1,10,2,S,14:58,M,542,15:14,coho,,2.1,64.0169,-160.91451,5-5/8 in,0.8,0.5,60,58,7,S,85,6a,8/7/2020 15:14,1596813240,"5,4,4,5,U",NA,1a,8/10/2020 22:49,1597128589,315349,3d 15H 35M 49S,6,U
1335,8/7/2020,32,1,10,3,S,14:59,M,544,15:18,coho,,3.1,64.0169,-160.91451,5-5/8 in,0.8,0.5,60,58,7,S,85,6a,8/7/2020 15:18,1596813480,S,NA,1a,8/16/2020 6:51,1597589461,775981,8d 23H 33M 1S,5,S
1355,8/7/2020,32,1,10,4,S,14:59,F,523,15:21,coho,,1.1,64.0169,-160.91451,5-5/8 in,0.8,0.5,60,58,7,S,85,6a,8/7/2020 15:21,1596813660,NA,5,3c,8/9/2020 1:00,1596934800,121140,1d 9H 39M 0S,NA,NA
1375,8/7/2020,32,1,10,5,S,15:24,M,543,15:29,coho,,2.1,64.0169,-160.91451,5-5/8 in,0.8,0.5,60,58,7,S,85,6a,8/7/2020 15:29,1596814140,"4,3,2,2,3,3,K",NA,1a,8/20/2020 11:41,1597952490,1138350,13d 4H 12M 30S,4,K
1395,8/7/2020,32,1,10,6,S,15:24,M,485,15:30,coho,,2.1,64.0169,-160.91451,5-5/8 in,0.8,0.5,60,58,7,S,85,6a,8/7/2020 15:30,1596814200,4,6a,3b,8/8/2020 20:00,1596916800,102600,1d 4H 30M 0S,NA,NA
1415,8/7/2020,32,1,10,7,S,15:25,M,493,15:33,coho,,2.1,64.0169,-160.91451,5-5/8 in,0.8,0.5,60,58,7,S,85,6a,8/7/2020 15:33,1596814380,NA,5,3c,8/9/2020 3:00,1596942000,127620,1d 11H 27M 0S,NA,NA
1435,8/7/2020,32,1,10,8,N,16:00,M,517,16:08,coho,,1.1,64.0169,-160.91451,5-5/8 in,0.8,0.5,60,58,7,S,85,6a,8/7/2020 16:08,1596816480,"5,6,7",7,2b,8/13/2020 11:00,1597316400,499920,5d 18H 52M 0S,S,NA
1455,8/10/2020,33,1,11,1,S,11:44,F,526,11:51,coho,,2.1,64.01728,-160.91138,5-5/8 in,1,0.7,59,56,5,SE,30,6a,8/10/2020 11:51,1597060260,"5,U",NA,1a,8/13/2020 13:11,1597353070,292810,3d 9H 20M 10S,6,U
1475,8/10/2020,33,1,11,2,N,11:48,M,584,11:53,coho,,2.1,64.01728,-160.91138,5-5/8 in,1,0.7,59,56,5,SE,30,6a,8/10/2020 11:53,1597060380,5,NA,3a,8/12/2020 8:42,1597250526,190146,2d 4H 49M 6S,NA,NA
1495,8/10/2020,33,1,11,3,N,12:06,F,455,12:10,coho,,2.1,64.01728,-160.91138,5-5/8 in,1,0.7,59,56,5,SE,30,6a,8/10/2020 12:10,1597061400,"5,U",NA,1a,8/12/2020 22:47,1597301244,239844,2d 18H 37M 24S,6,U
1515,8/10/2020,33,1,11,4,S,13:03,F,483,13:08,coho,,2.1,64.01728,-160.91138,5-5/8 in,1,0.7,59,56,5,SE,30,6a,8/10/2020 13:08,1597064880,"5,U",NA,1a,8/11/2020 11:06,1597172780,107900,1d 5H 58M 20S,6,U
1535,8/10/2020,33,1,11,5,N,13:17,F,533,13:22,coho,,3.1,64.02448,-160.91692,5-5/8 in,1.3,1.1,NA,NA,7,SE,50,6a,8/10/2020 13:22,1597065720,"5,U",NA,1a,8/11/2020 15:06,1597187163,121443,1d 9H 44M 3S,6,U
1555,8/10/2020,33,1,11,6,S,13:37,M,613,13:41,coho,,4,64.02448,-160.91692,5-5/8 in,1.3,1.1,NA,NA,7,SE,50,6a,8/10/2020 13:41,1597066860,4,NA,3a,8/12/2020 22:37,1597300632,233772,2d 16H 56M 12S,NA,NA
1575,8/10/2020,33,1,11,7,N,13:38,M,544,13:43,coho,,2.1,64.02448,-160.91692,5-5/8 in,1.3,1.1,NA,NA,7,SE,50,6a,8/10/2020 13:43,1597066980,E,NA,1a,8/16/2020 18:21,1597630865,563885,6d 12H 38M 5S,6,E
1595,8/10/2020,33,1,11,8,N,13:51,M,512,13:58,coho,,1.1,64.02448,-160.91692,5-5/8 in,1.3,1.1,NA,NA,7,SE,50,6a,8/10/2020 13:58,1597067880,NA,NA,4,NA,NA,NA,NA,NA,NA
1615,8/10/2020,33,1,11,9,N,14:01,M,542,14:07,coho,,1.1,64.02448,-160.91692,5-5/8 in,1.3,1.1,NA,NA,7,SE,50,6a,8/10/2020 14:07,1597068420,"5,U",NA,1a,8/11/2020 19:56,1597204607,136187,1d 13H 49M 47S,6,U
1635,8/10/2020,33,1,11,10,S,14:02,M,388,14:08,sockeye,,7,64.02448,-160.91692,5-5/8 in,1.3,1.1,NA,NA,7,SE,50,6a,8/10/2020 14:08,1597068480,NA,NA,4,NA,NA,NA,NA,NA,NA
1655,8/10/2020,33,1,12,1,S,14:02,M,528,14:10,coho,,4,64.02448,-160.91692,5-5/8 in,1.3,1.1,NA,NA,7,SE,50,6a,8/10/2020 14:10,1597068600,"4,3",6b,3b,8/16/2020 12:40,1597581600,513000,5d 22H 30M 0S,NA,NA
1675,8/11/2020,33,1,13,1,S,13:22,M,565,13:28,coho,,3.1,64.01708,-160.91208,5-5/8 in,1.4,1,60,57,4,S,15,6a,8/11/2020 13:28,1597152480,"4,S",NA,1a,8/15/2020 6:45,1597502707,350227,4d 1H 17M 7S,5,S
1695,8/11/2020,33,1,13,2,N,14:24,M,525,14:28,coho,,2.1,64.0753,-160.9474,5-5/8 in,1.5,1.1,62,58,8,W,8,6a,8/11/2020 14:28,1597156080,"4,S,S,4,5,U",NA,1a,8/19/2020 13:24,1597872297,716217,8d 6H 56M 57S,6,U
1715,8/12/2020,33,1,14,1,N,10:20,F,499,10:32,coho,,3,63.95433,-160.85193,combined,0.6,0.5,NA,57,3,SW,20,6a,8/12/2020 10:32,1597228320,5,NA,3a,8/12/2020 15:21,1597274478,46158,12H 49M 18S,NA,NA
1735,8/12/2020,33,1,14,2,N,10:26,F,555,10:32,coho,,1.1,63.95433,-160.85193,combined,0.6,0.5,NA,57,3,SW,20,6a,8/12/2020 10:32,1597228320,"5,5,U",NA,1a,8/14/2020 18:57,1597460232,231912,2d 16H 25M 12S,6,U
1755,8/12/2020,33,1,14,3,S,10:40,F,485,10:53,coho,,3.1,63.95433,-160.85193,combined,0.6,0.5,NA,57,3,SW,20,6a,8/12/2020 10:53,1597229580,"5,U",NA,1a,8/15/2020 6:46,1597502806,273226,3d 3H 53M 46S,6,U
1775,8/12/2020,33,1,14,4,N,10:43,M,508,10:53,coho,,1.1,63.95433,-160.85193,combined,0.6,0.5,NA,57,3,SW,20,6a,8/12/2020 10:53,1597229580,"5,U",NA,1a,8/18/2020 10:19,1597774795,545215,6d 7H 26M 55S,6,U
1795,8/12/2020,33,1,14,5,N,10:45,M,486,10:53,coho,,2.1,63.95433,-160.85193,combined,0.6,0.5,NA,57,3,SW,20,6a,8/12/2020 10:53,1597229580,"5,U",U,1b,8/13/2020 11:20,1597346437,116857,1d 8H 27M 37S,6,U
1815,8/12/2020,33,1,14,6,S,10:48,F,554,10:54,coho,,3.1,63.95433,-160.85193,combined,0.6,0.5,NA,57,3,SW,20,6a,8/12/2020 10:54,1597229640,"5,E",NA,1a,8/16/2020 19:49,1597636160,406520,4d 16H 55M 20S,6,E
1835,8/12/2020,33,1,14,7,N,10:50,M,478,10:57,coho,,3,63.95433,-160.85193,combined,0.6,0.5,NA,57,3,SW,20,6a,8/12/2020 10:57,1597229820,"5,6,7",NA,2a,8/14/2020 3:36,1597404996,175176,2d 0H 39M 36S,S,NA
1855,8/12/2020,33,1,14,8,N,10:51,M,536,10:59,coho,,2.1,63.95433,-160.85193,combined,0.6,0.5,NA,57,3,SW,20,6a,8/12/2020 10:59,1597229940,"5,U",U,1b,8/13/2020 2:13,1597313618,83678,23H 14M 38S,6,U
1875,8/12/2020,33,1,14,9,N,11:02,M,530,11:13,coho,,2.1,63.95433,-160.85193,combined,0.6,0.5,NA,57,3,SW,20,6a,8/12/2020 11:13,1597230780,"5,U",NA,1a,8/13/2020 21:47,1597384065,153285,1d 18H 34M 45S,6,U
1895,8/12/2020,33,1,14,10,N,11:05,F,516,11:13,coho,,2.1,63.95433,-160.85193,combined,0.6,0.5,NA,57,3,SW,20,6a,8/12/2020 11:13,1597230780,"5,5,5,5,5",NA,3a,9/4/2020 7:04,1599231864,2001084,23d 3H 51M 24S,NA,NA
1915,8/12/2020,33,1,15,1,N,11:07,M,524,11:13,coho,,4,63.95433,-160.85193,combined,0.6,0.5,NA,57,3,SW,20,6a,8/12/2020 11:13,1597230780,"5,5,E",NA,1a,8/18/2020 23:22,1597821762,590982,6d 20H 9M 42S,6,E
1935,8/12/2020,33,1,15,2,N,11:17,M,518,11:30,coho,,2.1,63.95433,-160.85193,combined,0.6,0.5,NA,57,3,SW,20,6a,8/12/2020 11:30,1597231800,"5,5",6b,3b,8/16/2020 12:00,1597579200,347400,4d 0H 30M 0S,NA,NA
1955,8/12/2020,33,1,15,3,S,11:17,F,526,11:30,coho,,1.1,63.95433,-160.85193,combined,0.6,0.5,NA,57,3,SW,20,6a,8/12/2020 11:30,1597231800,"5,5,E",NA,1a,8/19/2020 16:35,1597883716,651916,7d 13H 5M 16S,6,E
1975,8/12/2020,33,1,15,4,S,11:23,M,518,11:30,coho,,2.1,63.95433,-160.85193,combined,0.6,0.5,NA,57,3,SW,20,6a,8/12/2020 11:30,1597231800,"5,5,U",NA,1a,8/15/2020 7:27,1597505237,273437,3d 3H 57M 17S,6,U
1995,8/12/2020,33,1,15,5,N,11:25,M,553,11:33,coho,,4,63.95433,-160.85193,combined,0.6,0.5,NA,57,3,SW,20,6a,8/12/2020 11:33,1597231980,"5,U",NA,1a,8/13/2020 8:21,1597335665,103685,1d 4H 48M 5S,6,U
2015,8/12/2020,33,1,15,6,S,11:27,M,519,11:36,coho,,1.1,63.95433,-160.85193,combined,0.6,0.5,NA,57,3,SW,20,6a,8/12/2020 11:36,1597232160,"5,U",U,1b,8/13/2020 11:52,1597348371,116211,1d 8H 16M 51S,6,U
2035,8/12/2020,33,1,15,7,S,11:29,M,578,11:38,sockeye,,7,64.02222,-160.88222,combined,0.6,0.5,NA,57,3,SW,20,6a,8/12/2020 11:38,1597232280,"5,5,5,6,7",NA,2a,8/15/2020 23:26,1597562798,330518,3d 19H 48M 38S,S,NA
2055,8/12/2020,33,1,15,8,S,11:45,M,543,11:52,coho,,2.1,63.95433,-160.85193,combined,0.6,0.5,NA,57,3,SW,20,6a,8/12/2020 11:52,1597233120,"5,6,7",NA,2a,8/14/2020 12:47,1597438073,204953,2d 8H 55M 53S,S,NA
2075,8/12/2020,33,1,15,9,S,11:47,F,545,11:51,coho,,2.1,63.95433,-160.85193,combined,0.6,0.5,NA,57,3,SW,20,6a,8/12/2020 11:51,1597233060,5,NA,3a,8/12/2020 12:20,1597263620,30560,8H 29M 20S,NA,NA
2095,8/12/2020,33,1,15,10,N,11:48,M,545,11:55,coho,,2.1,63.95433,-160.85193,combined,0.6,0.5,NA,57,3,SW,20,6a,8/12/2020 11:55,1597233300,"5,5",NA,3a,8/13/2020 8:07,1597334863,101563,1d 4H 12M 43S,NA,NA
2115,8/12/2020,33,1,16,2,N,11:48,M,502,12:02,coho,,2.1,63.95433,-160.85193,combined,0.6,0.5,NA,57,3,SW,20,6a,8/12/2020 12:02,1597233720,"5,U",NA,1a,8/13/2020 0:37,1597307850,74130,20H 35M 30S,6,U
2135,8/12/2020,33,1,16,1,N,11:50,F,491,12:02,coho,,2.1,63.95433,-160.85193,combined,0.6,0.5,NA,57,3,SW,20,6a,8/12/2020 12:02,1597233720,"5,5,U",NA,1a,8/14/2020 10:27,1597429652,195932,2d 6H 25M 32S,6,U
2155,8/12/2020,33,1,16,3,N,11:50,M,561,12:03,coho,,3.1,63.95433,-160.85193,combined,0.6,0.5,NA,57,3,SW,20,6a,8/12/2020 12:03,1597233780,"5,U",U,1b,8/13/2020 7:46,1597333578,99798,1d 3H 43M 18S,6,U
2175,8/12/2020,33,1,16,4,N,11:56,M,499,12:05,coho,,2.1,63.95433,-160.85193,combined,0.6,0.5,NA,57,3,SW,20,6a,8/12/2020 12:05,1597233900,"5,6,7,7,G",NA,1a,8/15/2020 6:38,1597502286,268386,3d 2H 33M 6S,6,G
2195,8/12/2020,33,1,16,5,S,11:58,F,575,12:07,coho,,3.1,63.95433,-160.85193,combined,0.6,0.5,NA,57,3,SW,20,6a,8/12/2020 12:07,1597234020,"5,4,1",NA,2a,8/17/2020 9:44,1597686291,452271,5d 5H 37M 51S,N,NA
2215,8/12/2020,33,1,16,6,N,11:58,M,555,12:10,coho,,3.1,63.95433,-160.85193,combined,0.6,0.5,NA,57,3,SW,20,6a,8/12/2020 12:10,1597234200,"5,E",NA,1a,8/17/2020 18:48,1597718895,484695,5d 14H 38M 15S,6,E
2235,8/12/2020,33,1,16,7,S,11:59,F,503,12:13,coho,,3,63.95433,-160.85193,combined,0.6,0.5,NA,57,3,SW,20,6a,8/12/2020 12:13,1597234380,"5,U",NA,1a,8/13/2020 18:13,1597371199,136819,1d 14H 0M 19S,6,U
2255,8/12/2020,33,1,16,8,N,12:16,M,564,12:24,chinook,,7,64.02222,-160.88222,combined,0.6,0.5,NA,57,3,SW,20,6a,8/12/2020 12:24,1597235040,"5,5,4",NA,3a,8/15/2020 7:39,1597505958,270918,3d 3H 15M 18S,NA,NA
2275,8/12/2020,33,1,16,9,N,12:18,F,542,12:24,coho,,2.1,63.95433,-160.85193,combined,0.6,0.5,NA,57,3,SW,20,6a,8/12/2020 12:24,1597235040,5,NA,3a,8/12/2020 12:33,1597264417,29377,8H 9M 37S,NA,NA
2295,8/12/2020,33,1,16,10,N,12:19,M,513,12:52,coho,,2.1,63.95433,-160.85193,combined,0.6,0.5,NA,57,4,N,15,6a,8/12/2020 12:52,1597236720,"5,5,4,S",5,3b,8/22/2020 0:19,1598084380,847660,9d 19H 27M 40S,NA,NA
2315,8/12/2020,33,1,17,1,S,12:19,F,518,12:28,coho,,2.1,63.95433,-160.85193,combined,0.6,0.5,NA,57,4,N,15,6a,8/12/2020 12:28,1597235280,5,U,1b,8/14/2020 12:00,1597406400,171120,1d 23H 32M 0S,6,U
2335,8/12/2020,33,1,17,2,N,12:19,F,509,12:30,coho,,2.1,63.95433,-160.85193,combined,0.6,0.5,NA,57,4,N,15,6a,8/12/2020 12:30,1597235400,"5,5,5,5,5,E",NA,1a,8/21/2020 19:34,1598067288,831888,9d 15H 4M 48S,6,E
2355,8/12/2020,33,1,17,3,N,12:35,F,568,12:42,coho,,2.1,63.95433,-160.85193,combined,0.6,0.5,NA,57,4,N,15,6a,8/12/2020 12:42,1597236120,"5,4,5,U",U,1b,8/18/2020 12:17,1597781841,545721,6d 7H 35M 21S,6,U
2375,8/12/2020,33,1,17,4,S,12:44,F,532,12:48,coho,,1.1,63.95433,-160.85193,combined,0.6,0.5,NA,57,4,N,15,6a,8/12/2020 12:48,1597236480,"5,U",NA,1a,8/13/2020 15:44,1597362294,125814,1d 10H 56M 54S,6,U
2395,8/12/2020,33,1,17,5,N,12:46,M,495,12:50,coho,,2.1,63.95433,-160.85193,combined,0.6,0.5,NA,57,4,N,15,6a,8/12/2020 12:50,1597236600,"5,U",NA,1a,8/14/2020 3:55,1597406146,169546,1d 23H 5M 46S,6,U
2415,8/17/2020,34,1,18,1,S,13:37,M,510,13:43,coho,,1.1,63.95427,-160.8533,combined,1.3,1,72,58,15,SE,0,6a,8/17/2020 13:43,1597671780,"5,4,S",NA,1a,8/30/2020 6:58,1598799496,1127716,13d 1H 15M 16S,5,S
2435,8/17/2020,34,1,18,2,N,13:48,M,565,13:53,coho,,4,63.95427,-160.8533,combined,1.3,1,72,58,15,SE,0,6a,8/17/2020 13:53,1597672380,"5,5",6b,3b,8/19/2020 12:00,1597838400,166020,1d 22H 7M 0S,NA,NA
2455,8/17/2020,34,1,18,3,N,13:57,M,567,14:06,coho,,2.1,63.95427,-160.8533,combined,1.3,1,72,58,15,SE,0,6a,8/17/2020 14:06,1597673160,"5,6,7",NA,2a,8/19/2020 2:33,1597833238,160078,1d 20H 27M 58S,S,NA
2475,8/17/2020,34,1,18,4,N,13:59,M,564,14:06,coho,,2.1,63.95427,-160.8533,combined,1.3,1,72,58,15,SE,0,6a,8/17/2020 14:06,1597673160,"5,5",E,1b,8/18/2020 12:00,1597752000,78840,21H 54M 0S,6,E
2495,8/17/2020,34,1,18,5,N,13:59,F,528,14:09,coho,,3,63.95427,-160.8533,combined,1.3,1,72,58,15,SE,0,6a,8/17/2020 14:09,1597673340,"5,U",NA,1a,8/19/2020 7:05,1597849520,176180,2d 0H 56M 20S,6,U
2515,8/17/2020,34,1,18,6,S,14:02,F,527,14:11,coho,,2.1,63.95427,-160.8533,combined,1.3,1,72,58,15,SE,0,6a,8/17/2020 14:11,1597673460,"5,U",NA,1a,8/18/2020 20:50,1597812607,139147,1d 14H 39M 7S,6,U
2535,8/17/2020,34,1,18,7,N,14:02,M,594,14:13,coho,,2.1,63.95427,-160.8533,combined,1.3,1,72,58,15,SE,0,6a,8/17/2020 14:13,1597673580,"5,6,7",NA,2a,8/19/2020 8:03,1597852989,179409,2d 1H 50M 9S,S,NA
2555,8/17/2020,34,1,18,8,N,14:03,F,530,14:15,coho,,1.1,63.95427,-160.8533,combined,1.3,1,72,58,15,SE,0,6a,8/17/2020 14:15,1597673700,"5,U",NA,1a,8/19/2020 16:33,1597883593,209893,2d 10H 18M 13S,6,U
2575,8/17/2020,34,1,18,9,N,14:18,F,548,14:25,coho,,3.1,63.95427,-160.8533,combined,1.3,1,72,58,15,SE,0,6a,8/17/2020 14:25,1597674300,"5,U",NA,1a,8/18/2020 9:14,1597770871,96571,1d 2H 49M 31S,6,U
2595,8/17/2020,34,1,18,10,N,14:18,M,553,14:25,coho,,3.1,63.95427,-160.8533,combined,1.3,1,72,58,15,SE,0,6a,8/17/2020 14:25,1597674300,5,NA,3a,8/17/2020 14:27,1597703226,28926,8H 2M 6S,NA,NA
2615,8/17/2020,34,1,19,1,N,14:20,F,563,14:28,coho,,3.1,63.95427,-160.8533,combined,1.3,1,72,58,15,SE,0,6a,8/17/2020 14:28,1597674480,"5,U",NA,1a,8/19/2020 10:01,1597860082,185602,2d 3H 33M 22S,6,U
2635,8/17/2020,34,1,19,2,N,14:21,F,539,14:31,coho,,1.1,63.95427,-160.8533,combined,1.3,1,72,58,15,SE,0,6a,8/17/2020 14:31,1597674660,"5,5,6",NA,3a,8/23/2020 3:09,1598180965,506305,5d 20H 38M 25S,NA,NA
2655,8/17/2020,34,1,19,3,N,14:21,F,561,14:33,coho,,1.1,63.95427,-160.8533,combined,1.3,1,72,58,15,SE,0,6a,8/17/2020 14:33,1597674780,5,NA,3a,8/17/2020 14:35,1597703704,28924,8H 2M 4S,NA,NA
2675,8/17/2020,34,1,19,4,S,14:47,F,559,14:54,coho,,1.1,63.95427,-160.8533,combined,1.3,1,72,58,15,SE,0,6a,8/17/2020 14:54,1597676040,"5,4",NA,3a,8/26/2020 10:27,1598466420,790380,9d 3H 33M 0S,NA,NA
2695,8/17/2020,34,1,19,5,S,14:52,M,491,14:54,coho,,2.1,63.95427,-160.8533,combined,1.3,1,72,58,15,SE,0,6a,8/17/2020 14:54,1597676040,"5,U,5",NA,3a,8/25/2020 22:12,1598422371,746331,8d 15H 18M 51S,NA,NA
2715,8/17/2020,34,1,19,6,S,14:57,M,528,15:03,coho,,2.1,63.95427,-160.8533,combined,1.3,1,72,58,15,SE,0,6a,8/17/2020 15:03,1597676580,"5,U",NA,1a,8/18/2020 13:04,1597784673,108093,1d 6H 1M 33S,6,U
2735,8/17/2020,34,1,19,7,N,14:58,M,539,15:04,coho,,2.1,63.95427,-160.8533,combined,1.3,1,72,58,15,SE,0,6a,8/17/2020 15:04,1597676640,"5,U",NA,1a,8/18/2020 9:41,1597772505,95865,1d 2H 37M 45S,6,U
2755,8/17/2020,34,1,19,8,N,14:58,F,578,15:05,coho,,2.1,63.95427,-160.8533,combined,1.3,1,72,58,15,SE,0,6a,8/17/2020 15:05,1597676700,5,NA,3a,8/17/2020 15:20,1597706414,29714,8H 15M 14S,NA,NA
2775,8/17/2020,34,1,19,9,S,15:15,M,549,15:19,coho,,1.1,63.95427,-160.8533,combined,1.3,1,72,58,15,SE,0,6a,8/17/2020 15:19,1597677540,"5,U",NA,1a,8/27/2020 21:31,1598592691,915151,10d 14H 12M 31S,6,U
2795,8/17/2020,34,1,19,10,S,15:28,F,548,15:32,coho,,2.1,63.95427,-160.8533,combined,1.3,1,72,58,15,SE,0,6a,8/17/2020 15:32,1597678320,"5,U",NA,1a,8/18/2020 8:24,1597767887,89567,1d 0H 52M 47S,6,U
2815,8/17/2020,34,1,20,1,N,15:29,F,539,15:34,coho,,2.1,63.95427,-160.8533,combined,1.3,1,72,58,15,SE,0,6a,8/17/2020 15:34,1597678440,"5,U",U,1b,8/18/2020 6:44,1597761852,83412,23H 10M 12S,6,U
2835,8/18/2020,34,1,21,1,N,11:07,M,573,11:15,coho,,2.1,63.95477,-160.85222,5-5/8 in,1.9,1.6,62,58,2,SE,0,6a,8/18/2020 11:15,1597749300,"5,6,7",NA,2a,8/20/2020 0:51,1597913500,164200,1d 21H 36M 40S,S,NA
2855,8/18/2020,34,1,21,2,N,11:10,F,468,11:15,coho,,1.1,63.95477,-160.85222,5-5/8 in,1.9,1.6,62,58,2,SE,0,6a,8/18/2020 11:15,1597749300,"5,U",NA,1a,8/19/2020 15:24,1597879489,130189,1d 12H 9M 49S,6,U
2875,8/18/2020,34,1,21,3,N,11:17,F,478,11:25,coho,,3.1,63.95477,-160.85222,5-5/8 in,1.9,1.6,62,58,2,SE,0,6a,8/18/2020 11:25,1597749900,5,NA,3a,8/18/2020 11:28,1597778895,28995,8H 3M 15S,NA,NA
2895,8/18/2020,34,1,21,4,N,11:18,M,529,11:25,coho,,2.1,63.95477,-160.85222,5-5/8 in,1.9,1.6,62,58,2,SE,0,6a,8/18/2020 11:25,1597749900,"5,6,7",NA,2a,8/19/2020 21:37,1597901858,151958,1d 18H 12M 38S,S,NA
2915,8/18/2020,34,1,21,5,N,11:18,M,561,11:25,coho,,2.1,63.95477,-160.85222,5-5/8 in,1.9,1.6,62,58,2,SE,0,6a,8/18/2020 11:25,1597749900,"5,5,4,3,4,5,U",NA,1a,8/24/2020 12:58,1598302731,552831,6d 9H 33M 51S,6,U
2935,8/18/2020,34,1,21,6,N,11:20,M,554,11:27,coho,,3.1,63.95477,-160.85222,5-5/8 in,1.9,1.6,62,58,2,SE,0,6a,8/18/2020 11:27,1597750020,"5,U",NA,1a,8/18/2020 22:54,1597820045,70025,19H 27M 5S,6,U
2955,8/18/2020,34,1,21,7,N,11:29,F,503,11:35,coho,,2.1,63.95477,-160.85222,5-5/8 in,1.9,1.6,62,58,2,SE,0,6a,8/18/2020 11:35,1597750500,"5,5,U",NA,1a,8/19/2020 14:55,1597877759,127259,1d 11H 20M 59S,6,U
2975,8/18/2020,34,1,21,8,N,11:29,M,553,11:35,coho,,3,63.95477,-160.85222,5-5/8 in,1.9,1.6,62,58,2,SE,0,6a,8/18/2020 11:35,1597750500,"5,5,U",U,1b,8/22/2020 20:46,1598157978,407478,4d 17H 11M 18S,6,U
2995,8/18/2020,34,1,21,9,S,11:30,F,547,11:35,coho,,3,63.95477,-160.85222,5-5/8 in,1.9,1.6,62,58,2,SE,0,6a,8/18/2020 11:35,1597750500,"5,E",NA,1a,8/21/2020 20:47,1598071663,321163,3d 17H 12M 43S,6,E
3015,8/18/2020,34,1,21,10,N,11:39,F,571,11:45,coho,,2.1,63.95477,-160.85222,5-5/8 in,1.9,1.6,62,58,2,SE,0,6a,8/18/2020 11:45,1597751100,5,NA,3a,8/18/2020 12:18,1597781925,30825,8H 33M 45S,NA,NA
3035,8/18/2020,34,1,22,1,N,11:39,F,543,11:46,coho,,1.1,63.95477,-160.85222,5-5/8 in,1.9,1.6,62,58,2,SE,0,6a,8/18/2020 11:46,1597751160,5,NA,3a,8/18/2020 12:19,1597781999,30839,8H 33M 59S,NA,NA
3055,8/18/2020,34,1,22,2,N,11:50,M,531,12:01,coho,,2.1,63.95477,-160.85222,5-5/8 in,1.9,1.6,62,58,2,SE,0,6a,8/18/2020 12:01,1597752060,5,NA,3a,8/18/2020 12:12,1597781564,29504,8H 11M 44S,NA,NA
3075,8/18/2020,34,1,22,3,N,11:51,F,566,12:01,coho,,2.1,63.95477,-160.85222,5-5/8 in,1.9,1.6,62,58,2,SE,0,6a,8/18/2020 12:01,1597752060,"5,U",NA,1a,8/19/2020 21:00,1597899601,147541,1d 16H 59M 1S,6,U
3095,8/18/2020,34,1,22,4,S,11:53,M,557,12:01,coho,,2.1,63.95477,-160.85222,5-5/8 in,1.9,1.6,62,58,2,SE,0,6a,8/18/2020 12:01,1597752060,5,NA,3a,8/18/2020 12:04,1597781064,29004,8H 3M 24S,NA,NA
3115,8/18/2020,34,1,22,5,S,11:56,M,544,12:02,coho,,2.1,63.95477,-160.85222,5-5/8 in,1.9,1.6,62,58,2,SE,0,6a,8/18/2020 12:02,1597752120,"5,5,E",NA,1a,8/22/2020 21:44,1598161444,409324,4d 17H 42M 4S,6,E
3135,8/18/2020,34,1,22,6,N,12:06,M,551,12:16,coho,,1.1,63.95477,-160.85222,5-5/8 in,1.9,1.6,62,58,2,SE,0,6a,8/18/2020 12:16,1597752960,"5,5,5",NA,3a,9/2/2020 18:41,1599100862,1347902,15d 14H 25M 2S,NA,NA
3155,8/18/2020,34,1,22,7,N,12:10,M,525,12:16,coho,,3,63.95477,-160.85222,5-5/8 in,1.9,1.6,62,58,2,SE,0,6a,8/18/2020 12:16,1597752960,"5,5",NA,3a,8/20/2020 3:26,1597922788,169828,1d 23H 10M 28S,NA,NA
3175,8/18/2020,34,1,22,8,S,12:12,M,526,12:16,coho,,1.1,63.95477,-160.85222,5-5/8 in,1.9,1.6,62,58,2,SE,0,6a,8/18/2020 12:16,1597752960,"5,U",NA,1a,8/19/2020 18:21,1597890070,137110,1d 14H 5M 10S,6,U
3195,8/18/2020,34,1,22,9,N,12:20,F,569,12:28,coho,,2.1,63.95477,-160.85222,5-5/8 in,1.9,1.6,62,58,2,SE,0,6a,8/18/2020 12:28,1597753680,"5,5,5,5,5",NA,3a,8/22/2020 3:23,1598095437,341757,3d 22H 55M 57S,NA,NA
3215,8/24/2020,35,1,23,1,N,10:54,M,558,11:01,coho,,1.1,63.95417,-160.85283,5-5/8 in,0.5,0.3,58,57,5,S,90,6a,8/24/2020 11:01,1598266860,"5,5,U",NA,1a,8/25/2020 21:12,1598418742,151882,1d 18H 11M 22S,6,U
3235,8/24/2020,35,1,23,2,N,10:56,M,530,11:01,coho,,3,63.95417,-160.85283,5-5/8 in,0.5,0.3,58,57,5,S,90,6a,8/24/2020 11:01,1598266860,5,6b,3b,8/24/2020 12:00,1598270400,3540,59M 0S,NA,NA
3255,8/24/2020,35,1,23,3,N,10:56,F,527,11:04,coho,,2.1,63.95417,-160.85283,5-5/8 in,0.5,0.3,58,57,5,S,90,6a,8/24/2020 11:04,1598267040,5,NA,3a,8/24/2020 11:45,1598298319,31279,8H 41M 19S,NA,NA
3275,8/24/2020,35,1,23,4,N,11:12,M,494,11:16,coho,,1.1,63.95417,-160.85283,5-5/8 in,0.5,0.3,58,57,5,S,90,6a,8/24/2020 11:16,1598267760,5,NA,3a,8/24/2020 11:38,1598297906,30146,8H 22M 26S,NA,NA
3295,8/24/2020,35,1,23,5,N,11:20,M,573,11:27,coho,,2.1,63.95417,-160.85283,5-5/8 in,0.5,0.3,58,57,5,S,90,6a,8/24/2020 11:27,1598268420,5,NA,3a,8/24/2020 11:55,1598298901,30481,8H 28M 1S,NA,NA
3315,8/24/2020,35,1,23,6,N,11:23,F,588,11:28,coho,,2.1,63.95417,-160.85283,5-5/8 in,0.5,0.3,58,57,5,S,90,6a,8/24/2020 11:28,1598268480,"5,5,5",NA,3a,9/3/2020 20:44,1599194648,926168,10d 17H 16M 8S,NA,NA
3335,8/24/2020,35,1,23,7,S,12:19,M,504,12:23,coho,,2.1,63.95417,-160.85283,5-5/8 in,0.5,0.3,58,57,5,S,90,6a,8/24/2020 12:23,1598271780,"5,U",NA,1a,8/24/2020 22:51,1598338274,66494,18H 28M 14S,6,U
3355,8/24/2020,35,1,23,8,N,13:10,M,551,13:15,coho,,1.1,63.95417,-160.85283,5-5/8 in,0.5,0.3,58,57,5,S,90,6a,8/24/2020 13:15,1598274900,"5,5",NA,3a,8/28/2020 16:03,1598659438,384538,4d 10H 48M 58S,NA,NA
3375,8/24/2020,35,1,23,9,N,13:11,M,554,13:16,coho,,1.1,63.95417,-160.85283,5-5/8 in,0.5,0.3,58,57,5,S,90,6a,8/24/2020 13:16,1598274960,"5,5,6,5,4,6,7",NA,2a,8/28/2020 12:37,1598647070,372110,4d 7H 21M 50S,S,NA
3395,8/24/2020,35,1,23,10,S,13:28,F,512,13:31,coho,,3,63.95417,-160.85283,5-5/8 in,0.5,0.3,58,57,5,S,90,6a,8/24/2020 13:31,1598275860,"5,U",NA,1a,8/24/2020 22:15,1598336115,60255,16H 44M 15S,6,U
3415,8/24/2020,35,1,24,1,,14:29,F,525,14:39,coho,,2.1,63.95417,-160.85283,5-5/8 in,0.5,0.3,58,57,5,S,90,6a,8/24/2020 14:39,1598279940,"5,5,5,5,5,5",NA,3a,9/3/2020 17:20,1599182423,902483,10d 10H 41M 23S,NA,NA
3435,8/24/2020,35,1,24,2,S,14:29,M,584,14:39,coho,,3,63.95417,-160.85283,5-5/8 in,0.5,0.3,58,57,5,S,90,6a,8/24/2020 14:39,1598279940,"5,5",NA,3a,8/25/2020 18:58,1598410690,130750,1d 12H 19M 10S,NA,NA
3455,8/24/2020,35,1,24,3,N,14:30,M,503,14:39,coho,,3.1,63.95417,-160.85283,5-5/8 in,0.5,0.3,58,57,5,S,90,6a,8/24/2020 14:39,1598279940,5,NA,3a,8/25/2020 21:06,1598418393,138453,1d 14H 27M 33S,NA,NA
3475,8/24/2020,35,1,24,4,S,14:34,M,528,14:42,coho,,2.1,63.95417,-160.85283,5-5/8 in,0.5,0.3,58,57,5,S,90,6a,8/24/2020 14:42,1598280120,"5,U",NA,1a,8/25/2020 19:30,1598412607,132487,1d 12H 48M 7S,6,U
3495,8/24/2020,35,1,24,5,S,14:34,M,546,14:45,coho,,3,63.95417,-160.85283,5-5/8 in,0.5,0.3,58,57,5,S,90,6a,8/24/2020 14:45,1598280300,"5,U",NA,1a,8/25/2020 12:05,1598385914,105614,1d 5H 20M 14S,6,U
3515,8/24/2020,35,1,24,6,S,15:07,M,503,15:11,coho,,1.1,63.95417,-160.85283,5-5/8 in,0.5,0.3,58,57,5,S,90,6a,8/24/2020 15:11,1598281860,"5,5,U",NA,1a,8/25/2020 18:56,1598410582,128722,1d 11H 45M 22S,6,U
3535,8/25/2020,35,1,25,1,S,13:52,F,550,13:58,coho,,2.1,63.95455,-160.85202,5-5/8 in,1.25,1,63,57,5,S,50,6a,8/25/2020 13:58,1598363880,"5,U",NA,1a,8/26/2020 10:30,1598466644,102764,1d 4H 32M 44S,6,U
3555,8/25/2020,35,1,25,2,S,13:54,M,522,13:59,coho,,1.1,63.95455,-160.85202,5-5/8 in,1.25,1,63,57,5,S,50,6a,8/25/2020 13:59,1598363940,"5,5",NA,3a,8/26/2020 23:05,1598511959,148019,1d 17H 6M 59S,NA,NA
3575,8/25/2020,35,1,25,3,N,13:56,M,516,14:02,coho,,2.1,63.95455,-160.85202,5-5/8 in,1.25,1,63,57,5,S,50,6a,8/25/2020 14:02,1598364120,"5,4",NA,3a,8/27/2020 2:22,1598523755,159635,1d 20H 20M 35S,NA,NA
3595,8/25/2020,35,1,25,4,S,14:07,M,584,14:10,coho,,1.1,63.95455,-160.85202,5-5/8 in,1.25,1,63,57,5,S,50,6a,8/25/2020 14:10,1598364600,"5,U",NA,1a,8/25/2020 22:59,1598425190,60590,16H 49M 50S,6,U
3615,8/25/2020,35,1,25,5,S,14:12,M,497,14:15,coho,,1.1,63.95455,-160.85202,5-5/8 in,1.25,1,63,57,5,S,50,6a,8/25/2020 14:15,1598364900,"5,U",NA,1a,8/26/2020 22:05,1598508339,143439,1d 15H 50M 39S,6,U
3635,8/25/2020,35,1,25,6,N,14:21,M,574,14:25,sockeye,,7,64.02583,-160.88361,5-5/8 in,1.25,1,63,57,5,S,50,6a,8/25/2020 14:25,1598365500,"5,U",NA,1a,8/26/2020 17:19,1598491189,125689,1d 10H 54M 49S,6,U
3655,8/25/2020,35,1,25,7,S,14:40,M,561,14:46,coho,,1.1,63.95455,-160.85202,5-5/8 in,1.25,1,63,57,5,S,50,6a,8/25/2020 14:46,1598366760,"5,5,U",NA,1a,8/26/2020 21:05,1598504749,137989,1d 14H 19M 49S,6,U
3675,8/25/2020,35,1,25,8,S,14:42,F,555,14:46,coho,,1.1,63.95455,-160.85202,5-5/8 in,1.25,1,63,57,5,S,50,6a,8/25/2020 14:46,1598366760,"5,5",NA,3a,9/3/2020 13:04,1599167067,800307,9d 6H 18M 27S,NA,NA
3695,8/25/2020,35,1,25,9,N,15:00,F,579,15:03,coho,,2.1,63.95455,-160.85202,5-5/8 in,1.25,1,63,57,5,S,50,6a,8/25/2020 15:03,1598367780,"5,5,U",NA,1a,8/26/2020 16:19,1598487597,119817,1d 9H 16M 57S,6,U
3715,8/25/2020,35,1,25,10,S,15:38,M,522,15:41,coho,,1.1,63.95455,-160.85202,5-5/8 in,1.25,1,63,57,5,S,50,6a,8/25/2020 15:41,1598370060,"5,E",NA,1a,9/3/2020 22:51,1599202271,832211,9d 15H 10M 11S,6,E
3735,8/25/2020,35,1,26,1,N,15:39,F,550,15:43,coho,,1.1,63.95455,-160.85202,5-5/8 in,1.25,1,63,57,5,S,50,6a,8/25/2020 15:43,1598370180,5,NA,3a,8/25/2020 15:46,1598399213,29033,8H 3M 53S,NA,NA
3755,8/25/2020,35,1,26,2,N,15:51,M,558,15:58,coho,,1.1,63.95455,-160.85202,5-5/8 in,1.25,1,63,57,5,S,50,6a,8/25/2020 15:58,1598371080,"5,5",NA,3a,8/27/2020 7:52,1598543556,172476,1d 23H 54M 36S,NA,NA
3775,8/25/2020,35,1,26,3,N,15:54,F,559,15:58,coho,,2.1,63.95455,-160.85202,5-5/8 in,1.25,1,63,57,5,S,50,6a,8/25/2020 15:58,1598371080,"5,4,5,5",NA,3a,8/29/2020 22:16,1598768161,397081,4d 14H 18M 1S,NA,NA
3795,8/25/2020,35,1,26,4,S,15:55,F,533,15:58,coho,,2.1,63.95455,-160.85202,5-5/8 in,1.25,1,63,57,5,S,50,6a,8/25/2020 15:58,1598371080,"5,U",NA,1a,8/27/2020 9:13,1598548395,177315,2d 1H 15M 15S,6,U
3815,8/25/2020,35,1,26,5,N,16:01,M,558,15:04,coho,3815 and 3915 were confused - not sure which ended up on which fish,2.1,63.95455,-160.85202,5-5/8 in,1.25,1,63,57,5,S,50,6a,8/25/2020 15:04,1598367840,5,NA,3a,8/25/2020 16:19,1598401178,33338,9H 15M 38S,NA,NA
3835,8/25/2020,35,1,26,7,N,16:10,M,562,15:16,coho,,1.1,63.95455,-160.85202,5-5/8 in,1.25,1,63,57,5,S,50,6a,8/25/2020 15:16,1598368560,5,NA,3a,8/25/2020 16:26,1598401564,33004,9H 10M 4S,NA,NA
3855,8/25/2020,35,1,26,8,S,16:18,M,558,15:22,coho,,4,63.95455,-160.85202,5-5/8 in,1.25,1,63,57,5,S,50,6a,8/25/2020 15:22,1598368920,"5,U",NA,1a,8/26/2020 14:55,1598482551,113631,1d 7H 33M 51S,6,U
3875,8/25/2020,35,1,26,9,N,16:19,M,486,15:22,coho,,1.1,63.95455,-160.85202,5-5/8 in,1.25,1,63,57,5,S,50,6a,8/25/2020 15:22,1598368920,"5,5",NA,3a,8/26/2020 8:18,1598458699,89779,1d 0H 56M 19S,NA,NA
3895,8/25/2020,35,1,26,10,N,16:29,M,552,16:37,coho,,1.1,63.95455,-160.85202,5-5/8 in,1.25,1,63,57,5,S,50,6a,8/25/2020 16:37,1598373420,"5,5,U",NA,1a,8/27/2020 9:11,1598548295,174875,2d 0H 34M 35S,6,U
3915,8/25/2020,35,1,26,6,S,16:09,F,564,15:16,coho,3815 and 3915 were confused - not sure which ended up on which fish,3.1,63.95455,-160.85202,5-5/8 in,1.25,1,63,57,5,S,50,6a,8/25/2020 15:16,1598368560,"5,U",U,1b,8/26/2020 18:02,1598493720,125160,1d 10H 46M 0S,6,U
3935,8/25/2020,35,1,27,1,N,16:30,M,493,16:37,coho,,2.1,63.95455,-160.85202,5-5/8 in,1.25,1,63,57,5,S,50,6a,8/25/2020 16:37,1598373420,"5,U",NA,1a,8/26/2020 10:43,1598467396,93976,1d 2H 6M 16S,6,U
3955,8/25/2020,35,1,27,2,N,16:32,F,536,16:38,coho,,2.1,63.95455,-160.85202,5-5/8 in,1.25,1,63,57,5,S,50,6a,8/25/2020 16:38,1598373480,5,NA,3a,8/25/2020 16:46,1598402772,29292,8H 8M 12S,NA,NA
3975,8/25/2020,35,1,27,3,S,16:33,M,564,16:39,coho,,1.1,63.95455,-160.85202,5-5/8 in,1.25,1,63,57,5,S,50,6a,8/25/2020 16:39,1598373540,"5,5,U",NA,1a,8/26/2020 22:29,1598509786,136246,1d 13H 50M 46S,6,U
3995,8/25/2020,35,1,27,4,N,16:35,M,569,16:41,coho,,2.1,63.95455,-160.85202,5-5/8 in,1.25,1,63,57,5,S,50,6a,8/25/2020 16:41,1598373660,"5,6,7",NA,2a,8/26/2020 17:55,1598493348,119688,1d 9H 14M 48S,S,NA
4015,7/31/2020,31,2,1,1,S,10:20,M,533,10:30,coho,Missing 1 scale,2.1,64.30035,-161.10313,5-7/8 in,0.5,0.25,NA,58,5,S,100,5,7/31/2020 10:30,1596191400,"4,4,5,U",NA,1a,8/5/2020 19:03,1596682985,491585,5d 16H 33M 5S,6,U
4035,7/31/2020,31,2,1,2,S,10:21,M,464,10:30,coho,Missing 1 scale,2.1,64.30035,-161.10313,5-7/8 in,0.5,0.25,NA,58,5,S,100,5,7/31/2020 10:30,1596191400,"4,5,U",NA,1a,8/4/2020 7:09,1596553759,362359,4d 4H 39M 19S,6,U
4055,7/31/2020,31,2,1,3,S,11:13,M,569,11:20,coho,,1.1,64.30035,-161.10313,5-7/8 in,0.5,0.25,NA,58,5,S,100,5,7/31/2020 11:20,1596194400,T,NA,1a,8/2/2020 3:18,1596367122,172722,1d 23H 58M 42S,5,T
4075,7/31/2020,31,2,2,1,S,13:00,M,561,13:05,coho,,2.1,64.27227,-161.04572,5-7/8 in,0.5,0.25,NA,58,5,S,100,5,7/31/2020 13:05,1596200700,S,NA,1a,8/5/2020 2:17,1596622678,421978,4d 21H 12M 58S,5,S
4095,7/31/2020,31,2,2,2,S,14:32,M,573,14:42,chinook,,7,64.31847,-161.1344,5-7/8 in,0.25,0.1,NA,57,5,SW,100,5,7/31/2020 14:42,1596206520,NA,NA,4,NA,NA,NA,NA,NA,NA
4115,7/31/2020,31,2,2,3,N,15:56,M,482,16:01,chinook,,7,64.31847,-161.1344,5-7/8 in,0.25,0.1,NA,57,5,SW,100,5,7/31/2020 16:01,1596211260,"4,5",6b,3b,8/2/2020 3:00,1596337200,125940,1d 10H 59M 0S,NA,NA
4135,7/31/2020,31,2,3,1,N,20:51,F,491,20:54,coho,,3,64.30087,-161.10278,5-7/8 in,1,0.7,NA,57,2,N,100,5,7/31/2020 20:54,1596228840,"E,E,5,U",NA,1a,8/13/2020 14:22,1597357353,1128513,13d 1H 28M 33S,6,U
4155,8/1/2020,32,2,3,2,S,12:24,F,549,12:30,coho,,2.1,64.27188,-161.04538,5-7/8 in,1,0.75,NA,57,20,NE,25,5,8/1/2020 12:30,1596285000,"4,5,U",NA,1a,8/6/2020 9:14,1596734093,449093,5d 4H 44M 53S,6,U
4175,8/5/2020,32,2,4,1,N,10:05,M,522,10:12,coho,,2.1,64.20107,-160.95113,5-7/8 in,1,0.75,51,54,NA,,85,5,8/5/2020 10:12,1596622320,"4,5,6,7",NA,2a,8/17/2020 14:43,1597704212,1081892,12d 12H 31M 32S,S,NA
4195,8/5/2020,32,2,4,2,S,10:30,F,554,10:35,coho,,2.1,64.20107,-160.95113,5-7/8 in,1,0.75,51,54,NA,,85,5,8/5/2020 10:35,1596623700,"4,5",NA,3a,8/13/2020 16:36,1597365363,741663,8d 14H 1M 3S,NA,NA
4215,8/5/2020,32,2,4,3,N,12:15,M,502,12:21,coho,,2.1,64.2434,-160.99139,5-7/8 in,1,0.75,58,53,5,N,75,5,8/5/2020 12:21,1596630060,S,NA,1a,8/11/2020 10:39,1597171150,541090,6d 6H 18M 10S,5,S
4235,8/5/2020,32,2,4,4,N,12:33,M,564,12:37,coho,,2.1,64.2434,-160.99139,5-7/8 in,1,0.75,58,53,5,N,75,5,8/5/2020 12:37,1596631020,"3,2,3,4,5,6,7",NA,2a,8/11/2020 16:23,1597191786,560766,6d 11H 46M 6S,S,NA
4255,8/5/2020,32,2,4,5,N,13:32,M,579,13:37,coho,,1.1,64.27306,-161.04833,combined,1,0.75,NA,58,NA,,90,5,8/5/2020 13:37,1596634620,"6,7,U",U,1b,8/12/2020 18:09,1597284567,649947,7d 12H 32M 27S,6,U
4275,8/5/2020,32,2,4,6,S,14:55,F,505,15:00,coho,,2.1,64.18247,-160.95675,5-5/8 in,1.5,1.25,NA,59,NA,,50,5,8/5/2020 15:00,1596639600,"5,U",NA,1a,8/7/2020 23:28,1596871725,232125,2d 16H 28M 45S,6,U
4295,8/6/2020,32,2,5,1,S,8:48,M,509,8:53,coho,,3.1,64.30087,-161.10278,5-5/8 in,1.5,1.25,54,56,5,SE,100,5,8/6/2020 8:53,1596703980,"4,5,U",NA,1a,8/8/2020 20:38,1596947889,243909,2d 19H 45M 9S,6,U
4315,8/6/2020,32,2,5,2,S,9:06,F,521,9:11,coho,,2.1,64.30087,-161.10278,5-5/8 in,1.5,1.25,54,56,5,SE,100,5,8/6/2020 9:11,1596705060,"4,U",NA,1a,8/8/2020 12:44,1596919469,214409,2d 11H 33M 29S,6,U
4335,8/6/2020,32,2,5,3,S,9:45,F,576,9:50,coho,,3,64.30087,-161.10278,5-5/8 in,1.5,1.25,54,56,5,SE,100,5,8/6/2020 9:50,1596707400,"3,4,5,U",NA,1a,8/10/2020 6:09,1597068574,361174,4d 4H 19M 34S,6,U
4355,8/7/2020,32,2,6,1,S,9:25,M,602,9:30,coho,,3,64.318,-161.13549,5-5/8 in,1.2,0.8,57,57,10,S,100,5,8/7/2020 9:30,1596792600,"3,4,6,7",NA,2a,8/10/2020 21:59,1597125578,332978,3d 20H 29M 38S,S,NA
4375,8/7/2020,32,2,6,2,S,10:20,M,503,10:30,coho,,2.1,64.28751,-161.07744,combined,1.5,1.3,57,57,5,S,75,5,8/7/2020 10:30,1596796200,"4,5,U",NA,1a,8/10/2020 23:35,1597131334,335134,3d 21H 5M 34S,6,U
4395,8/7/2020,32,2,6,3,S,10:21,M,552,10:30,coho,,2.1,64.28751,-161.07744,combined,1.5,1.3,57,57,5,S,75,5,8/7/2020 10:30,1596796200,"4,5",NA,3a,8/8/2020 22:39,1596955184,158984,1d 20H 9M 44S,NA,NA
4415,8/7/2020,32,2,6,4,N,12:57,M,486,13:08,coho,Missing 1 scale,1.1,64.20131,-160.95188,combined,2.5,2,57,57,1,S,90,5,8/7/2020 13:08,1596805680,"4,E",NA,1a,8/16/2020 6:34,1597588490,782810,9d 1H 26M 50S,6,E
4435,8/7/2020,32,2,6,5,N,13:30,M,501,13:35,coho,,1.1,64.20131,-160.95188,combined,2.5,2,57,57,1,S,90,5,8/7/2020 13:35,1596807300,"4,5,U",NA,1a,8/12/2020 20:01,1597291306,484006,5d 14H 26M 46S,6,U
4455,8/7/2020,32,2,6,6,S,14:05,F,568,14:10,coho,,3,64.20131,-160.95188,5-7/8 in,2.5,2,57,57,1,S,90,5,8/7/2020 14:10,1596809400,4,NA,3a,8/8/2020 16:31,1596933060,123660,1d 10H 21M 0S,NA,NA
4475,8/7/2020,32,2,6,7,S,14:05,M,549,14:10,coho,,3.1,64.20131,-160.95188,5-7/8 in,2.5,2,57,57,1,S,90,5,8/7/2020 14:10,1596809400,"4,5,U",NA,1a,8/10/2020 11:11,1597086698,277298,3d 5H 1M 38S,6,U
4495,8/7/2020,32,2,6,8,S,14:20,M,515,14:25,coho,,1.1,64.20131,-160.95188,5-7/8 in,2.5,2,57,57,1,S,90,5,8/7/2020 14:25,1596810300,"4,E",NA,1a,8/11/2020 0:44,1597135458,325158,3d 18H 19M 18S,6,E
4515,8/7/2020,32,2,6,9,S,15:05,M,511,15:15,coho,Needed rehab,3,64.20131,-160.95188,5-7/8 in,2.5,2,57,57,1,S,90,5,8/7/2020 15:15,1596813300,"4,5,U",NA,1a,8/11/2020 14:49,1597186197,372897,4d 7H 34M 57S,6,U
4535,8/10/2020,33,2,7,1,S,9:23,F,558,9:28,coho,,2.1,64.28699,-161.07575,5-5/8 in,0.9,0.6,51,58,1,,75,5,8/10/2020 9:28,1597051680,"4,5,5,U",NA,1a,8/15/2020 8:29,1597508966,457286,5d 7H 1M 26S,6,U
4555,8/10/2020,33,2,7,2,S,9:52,M,484,10:00,coho,bleeding,2.1,64.28699,-161.07575,5-5/8 in,0.9,0.6,51,58,1,,75,5,8/10/2020 10:00,1597053600,"S,S,4,5,U",NA,1a,8/26/2020 20:17,1598501858,1448258,16d 18H 17M 38S,6,U
4575,8/10/2020,33,2,7,3,S,10:10,M,558,10:15,coho,,2.1,64.28699,-161.07575,5-5/8 in,0.9,0.6,51,58,1,,75,5,8/10/2020 10:15,1597054500,"4,5,5,U",U,1b,8/13/2020 22:46,1597387600,333100,3d 20H 31M 40S,6,U
4595,8/10/2020,33,2,7,4,N,11:08,M,542,11:13,coho,,2.1,64.28699,-161.07575,5-5/8 in,0.9,0.6,51,58,1,,75,5,8/10/2020 11:13,1597057980,"4,U",NA,1a,8/14/2020 14:26,1597444002,386022,4d 11H 13M 42S,6,U
4615,8/10/2020,33,2,7,5,N,12:14,F,544,12:19,coho,,1.1,64.132,-160.95424,5-7/8 in,1.5,1.25,62,58,1,S,25,5,8/10/2020 12:19,1597061940,"4,5,U",NA,1a,8/13/2020 6:51,1597330302,268362,3d 2H 32M 42S,6,U
4635,8/10/2020,33,2,7,6,N,12:26,M,535,12:30,coho,,2.1,64.132,-160.95424,5-7/8 in,1.5,1.25,62,58,1,S,25,5,8/10/2020 12:30,1597062600,"4,4,S",NA,1a,8/12/2020 15:37,1597275442,212842,2d 11H 7M 22S,5,S
4655,8/10/2020,33,2,7,7,N,12:29,M,485,12:33,coho,,1.1,64.132,-160.95424,5-7/8 in,1.5,1.25,62,58,1,S,25,5,8/10/2020 12:33,1597062780,"4,4,4,5,U",NA,1a,8/13/2020 13:58,1597355919,293139,3d 9H 25M 39S,6,U
4675,8/10/2020,33,2,7,8,S,12:36,M,525,12:42,coho,,2.1,64.132,-160.95424,5-7/8 in,1.5,1.25,62,58,1,S,25,5,8/10/2020 12:42,1597063320,"4,4,E",NA,1a,8/17/2020 22:01,1597730478,667158,7d 17H 19M 18S,6,E
4695,8/10/2020,33,2,7,9,S,13:40,M,546,13:43,coho,,2.1,64.18195,-160.95771,combined,1.5,1.25,NA,58,1,,NA,5,8/10/2020 13:43,1597066980,4,E,1b,8/11/2020 12:00,1597147200,80220,22H 17M 0S,6,E
4715,8/10/2020,33,2,7,10,S,13:42,F,533,13:49,coho,GASH,2.1,64.18195,-160.95771,combined,1.5,1.25,NA,58,1,,NA,5,8/10/2020 13:49,1597067340,"4,4,5",NA,3a,8/12/2020 10:40,1597257615,190275,2d 4H 51M 15S,NA,NA
4735,8/10/2020,33,2,8,1,S,14:00,M,554,14:03,coho,,3,64.18195,-160.95771,combined,1.5,1.25,NA,58,1,,NA,5,8/10/2020 14:03,1597068180,"4,E",NA,1a,8/12/2020 23:07,1597302455,234275,2d 17H 4M 35S,6,E
4755,8/10/2020,33,2,8,2,S,14:01,M,521,14:04,coho,,3,64.18195,-160.95771,combined,1.5,1.25,NA,58,1,,NA,5,8/10/2020 14:04,1597068240,"4,5,U",NA,1a,8/12/2020 10:11,1597255861,187621,2d 4H 7M 1S,6,U
4775,8/10/2020,33,2,8,3,N,14:02,M,579,14:06,coho,,2.1,64.18195,-160.95771,combined,1.5,1.25,NA,58,1,,NA,5,8/10/2020 14:06,1597068360,"4,E",NA,1a,8/12/2020 22:40,1597300823,232463,2d 16H 34M 23S,6,E
4795,8/10/2020,33,2,8,4,S,14:40,M,499,14:56,coho,,2.1,64.18195,-160.95771,5-7/8 in,1.5,1.25,NA,58,1,,NA,5,8/10/2020 14:56,1597071360,"4,5,U",NA,1a,8/11/2020 20:36,1597207000,135640,1d 13H 40M 40S,6,U
4815,8/10/2020,33,2,8,5,S,14:41,M,535,14:56,coho,,2.1,64.18195,-160.95771,5-7/8 in,1.5,1.25,NA,58,1,,NA,5,8/10/2020 14:56,1597071360,"4,5,U",NA,1a,8/13/2020 2:13,1597313614,242254,2d 19H 17M 34S,6,U
4835,8/10/2020,33,2,8,6,N,14:50,M,563,14:57,coho,,2.1,64.18195,-160.95771,5-7/8 in,1.5,1.25,NA,58,1,,NA,5,8/10/2020 14:57,1597071420,NA,U,1c,8/14/2020 12:00,1597406400,334980,3d 21H 3M 0S,6,U
4855,8/10/2020,33,2,8,7,N,14:57,M,488,14:57,coho,,2.1,64.18195,-160.95771,5-7/8 in,1.5,1.25,NA,58,1,,NA,5,8/10/2020 14:57,1597071420,"4,5,6,G",NA,1a,8/12/2020 9:04,1597251849,180429,2d 2H 7M 9S,6,G
4875,8/10/2020,33,2,8,8,N,15:22,M,505,15:27,coho,,3,64.18195,-160.95771,5-7/8 in,1.5,1.25,NA,58,1,,NA,5,8/10/2020 15:27,1597073220,"4,5,U",NA,1a,8/11/2020 18:44,1597200255,127035,1d 11H 17M 15S,6,U
4895,8/11/2020,33,2,9,1,N,9:27,M,561,9:42,coho,,2.1,64.18224,-160.95687,5-7/8 in,NA,NA,52,58,NA,,NA,5,8/11/2020 9:42,1597138920,"4,5,U",NA,1a,8/13/2020 0:07,1597306059,167139,1d 22H 25M 39S,6,U
4915,8/11/2020,33,2,9,2,S,9:30,F,548,9:42,sockeye,,7,64.18224,-160.95687,5-5/8 in,NA,NA,52,58,NA,,NA,5,8/11/2020 9:42,1597138920,4,NA,3a,8/11/2020 19:15,1597202106,63186,17H 33M 6S,NA,NA
4935,8/11/2020,33,2,9,3,S,9:30,M,550,9:42,coho,,2.1,64.18224,-160.95687,5-5/8 in,NA,NA,52,58,NA,,NA,5,8/11/2020 9:42,1597138920,"4,5",U,1b,8/15/2020 12:00,1597492800,353880,4d 2H 18M 0S,6,U
4955,8/11/2020,33,2,9,4,S,9:31,M,569,9:42,coho,,2.1,64.18224,-160.95687,5-5/8 in,NA,NA,52,58,NA,,NA,5,8/11/2020 9:42,1597138920,"4,5,U",NA,1a,8/18/2020 9:24,1597771482,632562,7d 7H 42M 42S,6,U
4975,8/11/2020,33,2,9,5,S,9:40,M,537,9:56,chinook,,7,64.18224,-160.95687,5-5/8 in,NA,NA,52,58,NA,,NA,5,8/11/2020 9:56,1597139760,4,NA,3a,8/13/2020 18:29,1597372181,232421,2d 16H 33M 41S,NA,NA
4995,8/11/2020,33,2,9,6,S,9:41,M,545,9:56,coho,,2.1,64.18224,-160.95687,5-5/8 in,NA,NA,52,58,NA,,NA,5,8/11/2020 9:56,1597139760,"4,E,E,5,U",NA,1a,8/18/2020 12:18,1597781938,642178,7d 10H 22M 58S,6,U
5015,8/11/2020,33,2,9,7,S,10:00,F,519,10:13,coho,,2.1,64.18224,-160.95687,5-7/8 in,NA,NA,52,58,NA,,NA,5,8/11/2020 10:13,1597140780,4,NA,3a,8/11/2020 18:01,1597197682,56902,15H 48M 22S,NA,NA
5035,8/11/2020,33,2,9,8,S,10:01,M,510,10:13,coho,,1.1,64.18224,-160.95687,5-5/8 in,NA,NA,52,58,NA,,NA,5,8/11/2020 10:13,1597140780,"4,5,U",U,1b,8/14/2020 16:54,1597452845,312065,3d 14H 41M 5S,6,U
5055,8/11/2020,33,2,9,9,S,10:03,M,522,10:14,coho,,2.1,64.18224,-160.95687,5-5/8 in,NA,NA,52,58,NA,,NA,5,8/11/2020 10:14,1597140840,"3,2,I",NA,1a,8/15/2020 11:22,1597519379,378539,4d 9H 8M 59S,4,I
5075,8/11/2020,33,2,9,10,S,10:05,F,504,10:15,coho,,3,64.18224,-160.95687,5-5/8 in,NA,NA,52,58,NA,,NA,5,8/11/2020 10:15,1597140900,"4,5,U",NA,1a,8/14/2020 11:42,1597434154,293254,3d 9H 27M 34S,6,U
5095,8/11/2020,33,2,10,1,S,10:15,F,523,10:25,coho,,1.1,64.18224,-160.95687,5-7/8 in,NA,NA,52,58,NA,,NA,5,8/11/2020 10:25,1597141500,"4,5,6,7",NA,2a,8/14/2020 15:36,1597448160,306660,3d 13H 11M 0S,S,NA
5115,8/11/2020,33,2,10,2,S,10:16,M,525,10:25,coho,,4,64.18224,-160.95687,5-7/8 in,NA,NA,52,58,NA,,NA,5,8/11/2020 10:25,1597141500,"4,5",6b,3b,8/16/2020 12:00,1597579200,437700,5d 1H 35M 0S,NA,NA
5135,8/11/2020,33,2,10,3,S,10:17,F,565,10:24,coho,,2.1,64.18224,-160.95687,5-7/8 in,NA,NA,52,58,NA,,NA,5,8/11/2020 10:24,1597141440,"4,5",NA,3a,8/13/2020 16:24,1597364674,223234,2d 14H 0M 34S,NA,NA
5155,8/11/2020,33,2,10,4,N,10:47,F,523,10:56,coho,,1.1,64.18224,-160.95687,5-5/8 in,NA,NA,52,58,NA,,NA,5,8/11/2020 10:56,1597143360,NA,NA,4,NA,NA,NA,NA,NA,NA
5175,8/11/2020,33,2,10,5,S,10:49,M,475,10:57,coho,,1.1,64.18224,-160.95687,5-7/8 in,NA,NA,52,58,NA,,NA,5,8/11/2020 10:57,1597143420,"4,5,U",NA,1a,8/13/2020 16:10,1597363805,220385,2d 13H 13M 5S,6,U
5195,8/11/2020,33,2,10,6,S,10:51,M,541,10:58,coho,NA,2.1,64.18224,-160.95687,5-7/8 in,NA,NA,52,58,NA,,NA,5,8/11/2020 10:58,1597143480,"4,5,7,G",NA,1a,8/15/2020 11:28,1597519691,376211,4d 8H 30M 11S,6,G
5215,8/11/2020,33,2,10,7,S,11:03,M,584,11:13,coho,,2.1,64.18224,-160.95687,5-7/8 in,NA,NA,52,58,NA,,NA,5,8/11/2020 11:13,1597144380,"4,5,U",U,1b,8/12/2020 21:51,1597297898,153518,1d 18H 38M 38S,6,U
5235,8/11/2020,33,2,10,8,S,11:05,F,512,11:13,coho,,1.1,64.18224,-160.95687,5-7/8 in,NA,NA,52,58,NA,,NA,5,8/11/2020 11:13,1597144380,"4,5,U",NA,1a,8/13/2020 8:08,1597334921,190541,2d 4H 55M 41S,6,U
5255,8/11/2020,33,2,10,9,N,11:07,M,563,11:15,coho,,2.1,64.18224,-160.95687,5-7/8 in,NA,NA,52,58,NA,,NA,5,8/11/2020 11:15,1597144500,"4,5",U,1b,8/12/2020 19:00,1597258800,114300,1d 7H 45M 0S,6,U
5275,8/11/2020,33,2,10,10,N,11:07,F,526,11:18,coho,,2.1,64.18224,-160.95687,5-5/8 in,NA,NA,52,58,NA,,NA,5,8/11/2020 11:18,1597144680,"S,S,T",NA,1a,8/23/2020 20:26,1598243219,1098539,12d 17H 8M 59S,5,T
5295,8/11/2020,33,2,11,1,N,11:08,F,535,11:20,coho,,3,64.18224,-160.95687,5-5/8 in,NA,NA,52,58,NA,,NA,5,8/11/2020 11:20,1597144800,"4,E",NA,1a,8/18/2020 12:24,1597782240,637440,7d 9H 4M 0S,6,E
5315,8/11/2020,33,2,11,2,S,11:15,M,512,11:39,coho,,1.1,64.18224,-160.95687,5-5/8 in,NA,NA,52,58,NA,,NA,5,8/11/2020 11:39,1597145940,"4,5",U,1b,8/13/2020 15:15,1597331700,185760,2d 3H 36M 0S,6,U
5335,8/11/2020,33,2,11,3,S,11:16,M,543,11:42,coho,Seal bite,2.1,64.18224,-160.95687,5-7/8 in,NA,NA,52,58,NA,,NA,5,8/11/2020 11:42,1597146120,"4,5,5",U,1b,8/14/2020 9:00,1597395600,249480,2d 21H 18M 0S,6,U
5355,8/11/2020,33,2,11,4,S,13:40,F,520,13:44,coho,,2.1,64.24019,-160.98668,5-5/8 in,1,0.5,62,59,1,,0,5,8/11/2020 13:44,1597153440,"4,3",NA,3a,8/14/2020 6:59,1597417165,263725,3d 1H 15M 25S,NA,NA
5375,8/11/2020,33,2,11,5,N,13:58,F,542,14:05,coho,,2.1,64.24019,-160.98668,5-5/8 in,1,0.5,62,59,1,,0,5,8/11/2020 14:05,1597154700,T,NA,1a,8/17/2020 0:39,1597653581,498881,5d 18H 34M 41S,5,T
5395,8/11/2020,33,2,11,6,S,14:43,F,535,14:44,coho, Abby tagged! (No scales),5,64.24019,-160.98668,5-7/8 in,1,0.5,62,59,1,,0,5,8/11/2020 14:44,1597157040,4,NA,3a,8/13/2020 20:28,1597379338,222298,2d 13H 44M 58S,NA,NA
5415,8/11/2020,33,2,11,7,S,14:52,F,545,14:56,coho,,1.1,64.24019,-160.98668,5-7/8 in,1,0.5,62,59,1,,0,5,8/11/2020 14:56,1597157760,"4,5,6,7",NA,2a,8/13/2020 14:40,1597358404,200644,2d 7H 44M 4S,S,NA
5435,8/11/2020,33,2,11,8,N,14:53,M,485,14:57,coho,,2.1,64.24019,-160.98668,5-7/8 in,1,0.5,62,59,1,,0,5,8/11/2020 14:57,1597157820,"4,5,5,4",NA,3a,8/15/2020 12:44,1597524250,366430,4d 5H 47M 10S,NA,NA
5455,8/11/2020,33,2,11,9,N,15:45,F,554,15:50,coho,,2.1,64.24019,-160.98668,5-5/8 in,1,0.5,62,59,1,,0,5,8/11/2020 15:50,1597161000,NA,NA,4,NA,NA,NA,NA,NA,NA
5475,8/12/2020,33,2,12,1,S,9:43,F,520,9:48,coho,GASH,2.1,64.18191,-160.9575,5-5/8 in,1.2,1,54,58,1,,75,5,8/12/2020 9:48,1597225680,"4,5,6,7",NA,2a,8/14/2020 19:57,1597463823,238143,2d 18H 9M 3S,S,NA
5495,8/12/2020,33,2,12,2,N,10:08,M,554,10:16,coho,,2.1,64.18191,-160.9575,5-7/8 in,1.2,1,54,58,1,,75,5,8/12/2020 10:16,1597227360,"4,4,5,6,7",NA,2a,8/15/2020 15:17,1597533471,306111,3d 13H 1M 51S,S,NA
5515,8/12/2020,33,2,12,3,N,10:09,F,565,10:18,coho,,2.1,64.18191,-160.9575,5-5/8 in,1.2,1,54,58,1,,75,5,8/12/2020 10:18,1597227480,"4,5,U",NA,1a,8/14/2020 15:07,1597446469,218989,2d 12H 49M 49S,6,U
5535,8/12/2020,33,2,12,4,S,10:10,M,525,10:15,coho,,2.1,64.18191,-160.9575,5-5/8 in,1.2,1,54,58,1,,75,5,8/12/2020 10:15,1597227300,"4,U",NA,1a,8/15/2020 18:16,1597544175,316875,3d 16H 1M 15S,6,U
5555,8/12/2020,33,2,12,6,N,10:25,M,579,10:30,coho,,2.1,64.18191,-160.9575,5-5/8 in,1.2,1,54,58,1,,75,5,8/12/2020 10:30,1597228200,"4,5,U",NA,1a,8/13/2020 20:54,1597380869,152669,1d 18H 24M 29S,6,U
5575,8/12/2020,33,2,12,7,N,10:26,M,554,10:31,coho,,2.1,64.18191,-160.9575,5-5/8 in,1.2,1,54,58,1,,75,5,8/12/2020 10:31,1597228260,"4,5,U",NA,1a,8/14/2020 21:04,1597467896,239636,2d 18H 33M 56S,6,U
5595,8/12/2020,33,2,12,8,S,10:27,F,585,10:32,coho,,2.1,64.18191,-160.9575,5-5/8 in,1.2,1,54,58,1,,75,5,8/12/2020 10:32,1597228320,"4,5",U,1b,8/15/2020 12:00,1597492800,264480,3d 1H 28M 0S,6,U
5615,8/12/2020,33,2,12,9,S,10:37,F,481,10:42,coho,,2.1,64.18191,-160.9575,5-5/8 in,1.2,1,54,58,1,,75,5,8/12/2020 10:42,1597228920,S,NA,1a,8/15/2020 23:08,1597561714,332794,3d 20H 26M 34S,5,S
5635,8/12/2020,33,2,12,10,S,10:38,F,566,10:42,coho,Large.,1.1,64.18191,-160.9575,5-5/8 in,1.2,1,54,58,1,,75,5,8/12/2020 10:42,1597228920,NA,NA,4,NA,NA,NA,NA,NA,NA
5655,8/12/2020,33,2,13,1,N,10:42,F,513,10:56,coho,Small.,2.1,64.18191,-160.9575,5-5/8 in,1.2,1,54,58,1,,75,5,8/12/2020 10:56,1597229760,"4,5,6,G",NA,1a,8/15/2020 15:31,1597534313,304553,3d 12H 35M 53S,6,G
5675,8/12/2020,33,2,13,2,S,11:03,F,561,11:10,coho,,2.1,64.18191,-160.9575,5-7/8 in,1.2,1,54,58,1,,75,5,8/12/2020 11:10,1597230600,"5,6,7",NA,2a,8/21/2020 14:13,1598047980,817380,9d 11H 3M 0S,S,NA
5695,8/12/2020,33,2,13,3,S,11:05,M,544,11:10,coho,,2.1,64.18191,-160.9575,5-7/8 in,1.2,1,54,58,1,,75,5,8/12/2020 11:10,1597230600,"4,4",NA,3a,8/14/2020 0:59,1597395566,164966,1d 21H 49M 26S,NA,NA
5715,8/12/2020,33,2,13,4,S,11:15,F,517,11:27,coho,,2.1,64.18191,-160.9575,5-7/8 in,1.2,1,54,58,1,,75,5,8/12/2020 11:27,1597231620,"4,5,6,G,7",NA,2a,8/16/2020 18:50,1597632617,400997,4d 15H 23M 17S,S,NA
5735,8/12/2020,33,2,13,5,N,11:19,M,494,11:27,coho,,2.1,64.18191,-160.9575,5-7/8 in,1.2,1,54,58,1,,75,5,8/12/2020 11:27,1597231620,"4,5",U,1b,8/14/2020 9:00,1597395600,163980,1d 21H 33M 0S,6,U
5755,8/12/2020,33,2,13,6,S,11:52,F,554,11:57,coho,,3,64.18191,-160.9575,5-7/8 in,1.2,1,54,58,1,,75,5,8/12/2020 11:57,1597233420,S,NA,1a,8/19/2020 19:18,1597893512,660092,7d 15H 21M 32S,5,S
5775,8/12/2020,33,2,13,7,N,12:10,M,464,12:26,coho,Small.,3.1,64.18191,-160.9575,5-5/8 in,1.2,1,54,58,1,,75,5,8/12/2020 12:26,1597235160,4,NA,3a,8/13/2020 17:01,1597366873,131713,1d 12H 35M 13S,NA,NA
5795,8/12/2020,33,2,13,8,N,12:14,F,549,12:24,coho,,2.1,64.18191,-160.9575,5-7/8 in,1.2,1,54,58,1,,75,5,8/12/2020 12:24,1597235040,"4,5,U",NA,1a,8/13/2020 20:43,1597380187,145147,1d 16H 19M 7S,6,U
5815,8/12/2020,33,2,13,9,S,12:29,M,567,12:42,coho,,3,64.18191,-160.9575,5-7/8 in,1.2,1,54,58,1,,75,5,8/12/2020 12:42,1597236120,"4,5,U",NA,1a,8/13/2020 20:09,1597378158,142038,1d 15H 27M 18S,6,U
5835,8/12/2020,33,2,13,10,S,12:29,F,535,12:43,coho,,2.1,64.18191,-160.9575,5-7/8 in,1.2,1,54,58,1,,75,5,8/12/2020 12:43,1597236180,"3,2,N",NA,1a,8/17/2020 7:02,1597676548,440368,5d 2H 19M 28S,4,N
5855,8/12/2020,33,2,14,1,N,12:34,F,526,12:43,coho,,2.1,64.18191,-160.9575,5-7/8 in,1.2,1,54,58,1,,75,5,8/12/2020 12:43,1597236180,"4,5,6,7,4",NA,3a,8/27/2020 10:53,1598554396,1318216,15d 6H 10M 16S,NA,NA
5875,8/12/2020,33,2,14,2,S,13:11,F,583,13:21,coho,,2.1,64.18191,-160.9575,5-7/8 in,1.2,1,54,58,1,,75,5,8/12/2020 13:21,1597238460,"4,5,6,7",NA,2a,8/15/2020 10:03,1597514599,276139,3d 4H 42M 19S,S,NA
5895,8/12/2020,33,2,14,3,S,13:21,M,494,13:21,coho,Small.,3.1,64.18191,-160.9575,5-7/8 in,1.2,1,54,58,1,,75,5,8/12/2020 13:21,1597238460,"4,5",NA,3a,8/14/2020 18:55,1597460145,221685,2d 13H 34M 45S,NA,NA
5915,8/12/2020,33,2,14,4,S,13:30,F,555,13:35,coho,,1.1,64.18191,-160.9575,combined,1.2,1,54,58,1,,75,5,8/12/2020 13:35,1597239300,"4,4,5,U",NA,1a,8/15/2020 14:46,1597531574,292274,3d 9H 11M 14S,6,U
5935,8/12/2020,33,2,14,5,S,13:51,M,469,14:05,coho,,2.1,64.18191,-160.9575,combined,1.2,1,54,58,1,,75,5,8/12/2020 14:05,1597241100,4,NA,3a,8/12/2020 18:00,1597284027,42927,11H 55M 27S,NA,NA
5955,8/12/2020,33,2,14,6,S,13:53,M,520,14:05,coho,,2.1,64.18191,-160.9575,combined,1.2,1,54,58,1,,75,5,8/12/2020 14:05,1597241100,"4,5,U",NA,1a,8/13/2020 15:29,1597361397,120297,1d 9H 24M 57S,6,U
5975,8/12/2020,33,2,14,7,N,13:53,F,524,14:05,coho,,2.1,64.18191,-160.9575,combined,1.2,1,54,58,1,,75,5,8/12/2020 14:05,1597241100,4,NA,3a,8/12/2020 19:08,1597288116,47016,13H 3M 36S,NA,NA
5995,8/12/2020,33,2,14,8,S,13:56,F,549,14:05,coho,,2.1,64.18191,-160.9575,combined,1.2,1,54,58,1,,75,5,8/12/2020 14:05,1597241100,"4,5,6,7",NA,2a,8/14/2020 14:11,1597443067,201967,2d 8H 6M 7S,S,NA
6015,8/12/2020,33,2,14,9,S,14:12,M,485,14:18,coho,Small.,1.1,64.18191,-160.9575,combined,1.2,1,54,58,1,,75,5,8/12/2020 14:18,1597241880,S,NA,1a,8/15/2020 10:55,1597517723,275843,3d 4H 37M 23S,5,S
6035,8/12/2020,33,2,14,10,S,14:13,M,576,14:19,coho,,3.1,64.18191,-160.9575,combined,1.2,1,54,58,1,,75,5,8/12/2020 14:19,1597241940,NA,NA,4,NA,NA,NA,NA,NA,NA
6055,8/12/2020,33,2,15,1,S,14:13,M,544,14:18,coho,,2.1,64.18191,-160.9575,combined,1.2,1,54,61,1,,75,5,8/12/2020 14:18,1597241880,"4,5,U",NA,1a,8/13/2020 18:36,1597372574,130694,1d 12H 18M 14S,6,U
6075,8/12/2020,33,2,15,2,S,14:14,F,494,14:19,coho,Small.,1.1,64.18191,-160.9575,combined,1.2,1,54,61,1,,75,5,8/12/2020 14:19,1597241940,S,NA,1a,8/16/2020 8:48,1597596501,354561,4d 2H 29M 21S,5,S
6095,8/12/2020,33,2,15,3,S,14:28,F,575,14:33,coho,,3,64.18191,-160.9575,5-7/8 in,1.2,1,54,61,1,,75,5,8/12/2020 14:33,1597242780,"4,5,U",NA,1a,8/14/2020 6:50,1597416644,173864,2d 0H 17M 44S,6,U
6115,8/12/2020,33,2,15,4,S,14:30,F,515,14:35,coho,,8,64.18191,-160.9575,5-7/8 in,1.2,1,54,61,1,,75,5,8/12/2020 14:35,1597242900,"4,5,U",NA,1a,8/13/2020 18:11,1597371094,128194,1d 11H 36M 34S,6,U
6135,8/12/2020,33,2,15,5,S,14:52,F,519,15:00,coho,,2.1,64.18191,-160.9575,5-7/8 in,1.2,1,54,61,1,,75,5,8/12/2020 15:00,1597244400,"4,E",NA,1a,8/17/2020 21:45,1597729517,485117,5d 14H 45M 17S,6,E
6155,8/12/2020,33,2,15,6,S,14:53,M,480,15:00,coho,Small.,3,64.18191,-160.9575,5-7/8 in,1.2,1,54,61,1,,75,5,8/12/2020 15:00,1597244400,4,NA,3a,8/13/2020 8:07,1597334854,90454,1d 1H 7M 34S,NA,NA
6175,8/12/2020,33,2,15,7,N,15:05,M,559,15:10,coho,,2.1,64.18191,-160.9575,5-7/8 in,1.2,1,54,61,1,,75,5,8/12/2020 15:10,1597245000,"4,5",U,1b,8/22/2020 17:00,1598115600,870600,10d 1H 50M 0S,6,U
6195,8/13/2020,33,2,16,1,N,9:11,M,520,9:15,coho,,4,64.29974,-161.10029,5-7/8 in,1,0.75,56,57,2,W,100,5,8/13/2020 9:15,1597310100,NA,NA,4,NA,NA,NA,NA,NA,NA
6215,8/13/2020,33,2,16,2,N,9:23,F,510,9:32,coho,,2.1,64.29974,-161.10029,5-5/8 in,1,0.75,56,57,2,W,100,5,8/13/2020 9:32,1597311120,NA,S,1c,8/15/2020 12:00,1597492800,181680,2d 2H 28M 0S,5,S
6235,8/13/2020,33,2,16,3,N,9:23,F,560,9:32,coho,,1.1,64.29974,-161.10029,5-5/8 in,1,0.75,56,57,2,W,100,5,8/13/2020 9:32,1597311120,4,6a,3b,8/16/2020 14:00,1597586400,275280,3d 4H 28M 0S,NA,NA
6255,8/13/2020,33,2,16,4,S,9:40,M,553,9:45,coho,Recapture going North.,3,64.29974,-161.10029,5-5/8 in,1,0.75,56,57,2,W,100,5,8/13/2020 9:45,1597311900,4,NA,3a,8/16/2020 9:39,1597599590,287690,3d 7H 54M 50S,NA,NA
6275,8/13/2020,33,2,16,5,S,9:41,M,556,9:46,coho,,2.1,64.29974,-161.10029,5-5/8 in,1,0.75,56,57,2,W,100,5,8/13/2020 9:46,1597311960,S,NA,1a,8/16/2020 6:21,1597587714,275754,3d 4H 35M 54S,5,S
6295,8/13/2020,33,2,16,6,N,9:54,F,535,10:00,coho,,2.1,64.29974,-161.10029,5-5/8 in,1,0.75,56,57,2,W,100,5,8/13/2020 10:00,1597312800,"4,5",6b,3b,8/16/2020 12:00,1597579200,266400,3d 2H 0M 0S,NA,NA
6315,8/13/2020,33,2,16,7,S,9:56,F,568,10:01,coho,,3,64.29974,-161.10029,5-7/8 in,1,0.75,56,57,2,W,100,5,8/13/2020 10:01,1597312860,S,NA,1a,8/15/2020 13:51,1597528280,215420,2d 11H 50M 20S,5,S
6335,8/13/2020,33,2,16,8,S,10:39,M,581,10:43,coho,,2.1,64.29974,-161.10029,5-5/8 in,1,0.75,56,57,2,W,100,5,8/13/2020 10:43,1597315380,"4,5,5,6,6,7",NA,2a,8/16/2020 9:35,1597599335,283955,3d 6H 52M 35S,S,NA
6355,8/13/2020,33,2,16,9,N,10:49,F,556,10:53,coho,,2.1,64.29974,-161.10029,5-7/8 in,1,0.75,56,57,2,W,100,5,8/13/2020 10:53,1597315980,4,NA,3a,8/14/2020 8:01,1597420868,104888,1d 5H 8M 8S,NA,NA
6375,8/13/2020,33,2,16,10,S,10:57,F,557,10:59,coho,,2.1,64.29974,-161.10029,5-5/8 in,1,0.75,56,57,2,W,100,5,8/13/2020 10:59,1597316340,"3,2,N",NA,1a,8/15/2020 8:33,1597509213,192873,2d 5H 34M 33S,4,N
6395,8/13/2020,33,2,17,1,S,10:57,F,506,11:03,coho,,1.1,64.29974,-161.10029,5-5/8 in,1,0.75,56,57,2,W,100,5,8/13/2020 11:03,1597316580,T,NA,1a,8/15/2020 7:59,1597507165,190585,2d 4H 56M 25S,5,T
6415,8/17/2020,34,2,18,1,S,11:34,M,509,11:37,coho,,1.1,64.30146,-161.10429,5-5/8 in,1.25,1,69,58,12,S,0,5,8/17/2020 11:37,1597664220,"3,2,3,4,5,6,7",NA,2a,8/23/2020 11:48,1598212130,547910,6d 8H 11M 50S,S,NA
6435,8/17/2020,34,2,18,2,N,11:39,M,571,11:45,coho,,2.1,64.30146,-161.10429,5-5/8 in,1.25,1,69,58,12,S,0,5,8/17/2020 11:45,1597664700,NA,NA,4,NA,NA,NA,NA,NA,NA
6455,8/17/2020,34,2,18,3,N,11:58,F,577,12:02,coho,,1.1,64.30146,-161.10429,5-5/8 in,1.25,1,69,58,12,S,0,5,8/17/2020 12:02,1597665720,NA,NA,4,NA,NA,NA,NA,NA,NA
6475,8/17/2020,34,2,18,4,N,12:13,F,587,12:16,coho,,3.1,64.30146,-161.10429,5-5/8 in,1.25,1,69,58,12,S,0,5,8/17/2020 12:16,1597666560,S,NA,1a,8/22/2020 5:27,1598102858,436298,5d 1H 11M 38S,5,S
6495,8/17/2020,34,2,18,5,N,12:13,F,533,12:18,coho,,3,64.30146,-161.10429,5-5/8 in,1.25,1,69,58,12,S,0,5,8/17/2020 12:18,1597666680,NA,NA,4,NA,NA,NA,NA,NA,NA
6515,8/17/2020,34,2,18,6,S,13:06,M,545,13:09,coho,,2.1,64.30146,-161.10429,5-5/8 in,1.25,1,69,58,12,S,0,5,8/17/2020 13:09,1597669740,4,NA,3a,8/17/2020 21:27,1597728425,58685,16H 18M 5S,NA,NA
6535,8/17/2020,34,2,18,7,S,13:37,M,551,13:42,coho,Reset net,1.1,64.30146,-161.10429,5-7/8 in,1.25,1,69,58,1,,0,5,8/17/2020 13:42,1597671720,S,S,1b,8/21/2020 1:22,1598001759,330039,3d 19H 40M 39S,5,S
6555,8/17/2020,34,2,18,8,N,13:45,M,554,13:49,coho,,2.1,64.30146,-161.10429,5-7/8 in,1.25,1,69,58,1,,0,5,8/17/2020 13:49,1597672140,S,NA,1a,8/22/2020 7:15,1598109340,437200,5d 1H 26M 40S,5,S
6575,8/17/2020,34,2,18,9,N,14:16,F,484,14:23,coho,,1.1,64.30146,-161.10429,5-7/8 in,1.25,1,69,58,1,,0,5,8/17/2020 14:23,1597674180,"4,5,U",NA,1a,8/20/2020 17:17,1597972669,298489,3d 10H 54M 49S,6,U
6595,8/17/2020,34,2,18,10,S,14:41,F,585,14:48,coho,,2.1,64.30146,-161.10429,5-7/8 in,1.25,1,69,58,1,,0,5,8/17/2020 14:48,1597675680,S,NA,1a,8/21/2020 20:41,1598071272,395592,4d 13H 53M 12S,5,S
6615,8/17/2020,34,2,19,1,N,15:00,M,512,15:08,coho,,1.1,64.30146,-161.10429,5-7/8 in,1.25,1,69,58,1,,0,5,8/17/2020 15:08,1597676880,"3,4",NA,3a,8/19/2020 17:16,1597886219,209339,2d 10H 8M 59S,NA,NA
6635,8/17/2020,34,2,19,2,N,15:00,M,532,15:08,coho,,1.1,64.30146,-161.10429,5-7/8 in,1.25,1,69,58,1,,0,5,8/17/2020 15:08,1597676880,"6,7",NA,2a,8/20/2020 12:16,1597954575,277695,3d 5H 8M 15S,S,NA
6655,8/17/2020,34,2,19,3,N,15:15,M,503,15:20,coho,,3,64.30146,-161.10429,5-7/8 in,1.25,1,69,58,1,,0,5,8/17/2020 15:20,1597677600,T,NA,1a,8/19/2020 12:05,1597867518,189918,2d 4H 45M 18S,5,T
6675,8/17/2020,34,2,19,4,N,15:29,F,510,15:33,coho,,3,64.30146,-161.10429,5-7/8 in,1.25,1,69,58,1,,0,5,8/17/2020 15:33,1597678380,S,NA,1a,8/18/2020 21:52,1597816356,137976,1d 14H 19M 36S,5,S
6695,8/17/2020,34,2,19,5,S,15:49,F,561,15:53,coho,,2.1,64.30146,-161.10429,5-7/8 in,1.25,1,69,58,1,,0,5,8/17/2020 15:53,1597679580,S,NA,1a,8/19/2020 8:09,1597853367,173787,2d 0H 16M 27S,5,S
6715,8/17/2020,34,2,19,6,S,16:10,F,537,16:15,coho,,2.1,64.30146,-161.10429,5-7/8 in,1.25,1,69,58,1,,0,5,8/17/2020 16:15,1597680900,S,NA,1a,8/21/2020 15:51,1598053867,372967,4d 7H 36M 7S,5,S
6735,8/17/2020,34,2,19,7,S,16:12,M,598,16:16,coho,Large.,1.1,64.30146,-161.10429,5-7/8 in,1.25,1,69,58,1,,0,5,8/17/2020 16:16,1597680960,NA,NA,4,NA,NA,NA,NA,NA,NA
6755,8/18/2020,34,2,20,1,N,13:37,F,489,13:41,coho,,1.1,64.27301,-161.04781,5-5/8 in,2.5,2,64,60,NA,,NA,5,8/18/2020 13:41,1597758060,"4,5,U",NA,1a,8/20/2020 21:35,1597988145,230085,2d 15H 54M 45S,6,U
6775,8/18/2020,34,2,20,2,N,13:37,M,584,13:43,coho,Bite mark.,2.1,64.27301,-161.04781,5-5/8 in,2.5,2,64,60,NA,,NA,5,8/18/2020 13:43,1597758180,"3,3",NA,3a,8/22/2020 19:35,1598153750,395570,4d 13H 52M 50S,NA,NA
6795,8/18/2020,34,2,20,3,N,13:38,M,565,13:45,chinook,,7,64.27301,-161.04781,5-5/8 in,1,1,64,60,NA,,NA,5,8/18/2020 13:45,1597758300,"4,E",NA,1a,8/20/2020 5:40,1597930839,172539,1d 23H 55M 39S,6,E
6815,8/18/2020,34,2,20,4,N,14:59,M,552,15:03,coho,,2.1,64.27301,-161.04781,5-5/8 in,2.5,2,64,60,NA,,NA,5,8/18/2020 15:03,1597762980,"4,5,U",NA,1a,8/21/2020 17:42,1598060533,297553,3d 10H 39M 13S,6,U
6835,8/18/2020,34,2,20,5,N,14:59,F,573,15:05,coho,,1.1,64.27301,-161.04781,5-5/8 in,2.5,2,64,60,NA,,NA,5,8/18/2020 15:05,1597763100,"4,5,5,5,4,5,5,6",NA,3a,8/29/2020 14:44,1598741089,977989,11d 7H 39M 49S,NA,NA
6855,8/18/2020,34,2,20,6,N,15:14,F,574,15:20,coho,,3.1,64.27301,-161.04781,5-7/8 in,2.5,2,64,60,NA,,NA,5,8/18/2020 15:20,1597764000,NA,NA,4,NA,NA,NA,NA,NA,NA
6875,8/20/2020,34,2,21,1,S,9:27,M,486,9:33,coho,,1.1,64.31762,-161.13248,5-7/8 in,0.4,0.2,56,59,5,W,100,5,8/20/2020 9:33,1597915980,S,NA,1a,8/23/2020 23:23,1598253811,337831,3d 21H 50M 31S,5,S
6895,8/20/2020,34,2,21,2,S,10:03,M,526,10:15,coho,Spawning colors,3,64.31762,-161.13248,5-7/8 in,0.4,0.2,56,59,5,W,100,5,8/20/2020 10:15,1597918500,"T,S",NA,1a,8/24/2020 20:00,1598328024,409524,4d 17H 45M 24S,5,S
6915,8/20/2020,34,2,21,3,N,10:37,F,545,10:43,coho,,3,64.31762,-161.13248,5-7/8 in,0.4,0.2,56,59,5,W,100,5,8/20/2020 10:43,1597920180,NA,NA,4,NA,NA,NA,NA,NA,NA
6935,8/20/2020,34,2,21,4,N,10:54,F,556,11:00,coho,,2.1,64.31762,-161.13248,5-7/8 in,0.4,0.2,56,59,5,W,100,5,8/20/2020 11:00,1597921200,S,NA,1a,8/22/2020 10:05,1598119532,198332,2d 7H 5M 32S,5,S
6955,8/20/2020,34,2,21,5,S,10:55,M,509,11:00,coho,Small,1.1,64.31762,-161.13248,5-7/8 in,0.4,0.2,56,59,5,W,100,5,8/20/2020 11:00,1597921200,"4,5,U",NA,1a,8/23/2020 21:10,1598245858,324658,3d 18H 10M 58S,6,U
6975,8/20/2020,34,2,21,6,N,11:10,M,502,11:15,coho,,1.1,64.31762,-161.13248,5-7/8 in,0.4,0.2,56,59,5,W,100,5,8/20/2020 11:15,1597922100,T,NA,1a,8/24/2020 21:52,1598334742,412642,4d 18H 37M 22S,5,T
6995,8/20/2020,34,2,21,7,N,11:32,M,529,11:36,coho,,2.1,64.31762,-161.13248,5-7/8 in,0.4,0.2,56,59,5,W,100,5,8/20/2020 11:36,1597923360,"4,5,U",NA,1a,8/23/2020 2:46,1598179611,256251,2d 23H 10M 51S,6,U
7015,8/20/2020,34,2,21,8,S,11:59,M,554,12:05,coho,,2.1,64.31762,-161.13248,5-7/8 in,0.4,0.2,56,59,5,W,100,5,8/20/2020 12:05,1597925100,"4,5,5,U",NA,1a,8/23/2020 20:43,1598244223,319123,3d 16H 38M 43S,6,U
7035,8/20/2020,34,2,21,9,S,12:23,M,525,12:26,coho,,3,64.31762,-161.13248,5-7/8 in,0.4,0.2,56,59,5,W,100,5,8/20/2020 12:26,1597926360,"S,S,T",NA,1a,8/28/2020 23:28,1598686091,759731,8d 19H 2M 11S,5,T
7055,8/20/2020,34,2,21,10,S,12:36,M,569,12:39,coho,Missing 1 scale,1.1,64.31762,-161.13248,5-7/8 in,0.4,0.2,56,59,5,W,100,5,8/20/2020 12:39,1597927140,"4,5,6,7",NA,2a,8/23/2020 12:30,1598214613,287473,3d 7H 51M 13S,S,NA
7075,8/20/2020,34,2,22,1,N,12:46,F,573,12:49,coho,,3,64.31762,-161.13248,5-7/8 in,0.4,0.2,56,59,5,W,100,5,8/20/2020 12:49,1597927740,S,NA,1a,8/24/2020 17:42,1598319775,392035,4d 12H 53M 55S,5,S
7095,8/20/2020,34,2,22,2,S,12:58,M,529,13:02,sockeye,GASH,7,64.31762,-161.13248,5-7/8 in,0.4,0.2,56,59,5,W,100,5,8/20/2020 13:02,1597928520,NA,NA,4,NA,NA,NA,NA,NA,NA
7115,8/20/2020,34,2,22,3,N,13:08,M,542,13:12,coho,,1.1,64.31762,-161.13248,5-7/8 in,0.4,0.2,56,59,5,W,100,5,8/20/2020 13:12,1597929120,S,NA,1a,8/21/2020 19:40,1598067640,138520,1d 14H 28M 40S,5,S
7135,8/20/2020,34,2,22,4,N,13:09,M,534,13:15,coho,,1.1,64.31762,-161.13248,5-7/8 in,0.4,0.2,56,59,5,W,100,5,8/20/2020 13:15,1597929300,"4,5,U",NA,1a,8/22/2020 15:59,1598140797,211497,2d 10H 44M 57S,6,U
7155,8/20/2020,34,2,22,5,N,14:34,M,520,14:37,coho,,2.1,64.28782,-161.07748,5-7/8 in,0.5,0.3,56,60,1,,100,5,8/20/2020 14:37,1597934220,S,NA,1a,8/21/2020 23:00,1598079648,145428,1d 16H 23M 48S,5,S
7175,8/20/2020,34,2,22,6,S,14:39,M,524,14:50,coho,,3.1,64.28782,-161.07748,5-7/8 in,0.5,0.3,56,60,1,,100,5,8/20/2020 14:50,1597935000,S,NA,1a,8/22/2020 17:48,1598147304,212304,2d 10H 58M 24S,5,S
7195,8/20/2020,34,2,22,7,S,14:46,F,558,14:50,coho,Missing 1 scale,3,64.28782,-161.07748,5-7/8 in,0.5,0.3,56,60,1,,100,5,8/20/2020 14:50,1597935000,S,NA,1a,8/23/2020 6:26,1598192804,257804,2d 23H 36M 44S,5,S
7215,8/24/2020,35,2,23,1,N,14:23,M,654,14:26,coho,,2.1,64.30094,-161.10243,5-7/8 in,0.2,0.1,58,58,5,S,NA,5,8/24/2020 14:26,1598279160,"4,5,U",NA,1a,8/26/2020 22:38,1598510318,231158,2d 16H 12M 38S,6,U
7235,8/24/2020,35,2,23,2,N,14:50,M,555,14:54,coho,,3,64.30094,-161.10243,5-7/8 in,0.2,0.1,58,58,5,S,NA,5,8/24/2020 14:54,1598280840,"4,E",NA,1a,8/28/2020 23:41,1598686895,406055,4d 16H 47M 35S,6,E
7255,8/24/2020,35,2,23,3,N,15:07,F,546,15:09,coho,,2.1,64.30094,-161.10243,5-7/8 in,0.2,0.1,58,58,5,S,NA,5,8/24/2020 15:09,1598281740,4,NA,3a,8/27/2020 10:38,1598553484,271744,3d 3H 29M 4S,NA,NA
7275,8/24/2020,35,2,23,4,S,16:00,F,517,16:04,coho,,2.1,64.30094,-161.10243,5-7/8 in,0.2,0.1,58,58,5,S,NA,5,8/24/2020 16:04,1598285040,"4,5",NA,3a,8/26/2020 11:13,1598469194,184154,2d 3H 9M 14S,NA,NA
7295,8/24/2020,35,2,23,5,S,16:32,M,544,16:39,coho,,1.1,64.27122,-161.04342,5-7/8 in,0.2,0.1,60,59,1,,50,5,8/24/2020 16:39,1598287140,S,NA,1a,8/28/2020 21:48,1598680119,392979,4d 13H 9M 39S,5,S
7315,8/24/2020,35,2,23,6,S,16:58,F,558,17:02,coho,,1.1,64.27122,-161.04342,5-7/8 in,0.2,0.1,60,59,1,,50,5,8/24/2020 17:02,1598288520,4,NA,3a,8/26/2020 0:40,1598431250,142730,1d 15H 38M 50S,NA,NA
7335,8/24/2020,35,2,23,7,S,17:10,F,564,17:15,coho,,1.1,64.27122,-161.04342,5-7/8 in,0.2,0.1,60,59,1,,50,5,8/24/2020 17:15,1598289300,"4,5",NA,3a,8/26/2020 4:19,1598444391,155091,1d 19H 4M 51S,NA,NA
7355,8/24/2020,35,2,23,8,S,18:03,F,509,18:11,coho,,1.1,64.31762,-161.13248,5-7/8 in,0.4,0.2,60,60,1,,25,5,8/24/2020 18:11,1598292660,S,NA,1a,8/28/2020 20:17,1598674642,381982,4d 10H 6M 22S,5,S
7375,8/24/2020,35,2,23,9,S,18:05,M,514,18:13,coho,,2.1,64.31762,-161.13248,5-7/8 in,0.4,0.2,60,60,1,,25,5,8/24/2020 18:13,1598292780,"4,5",NA,3a,8/25/2020 19:17,1598411830,119050,1d 9H 4M 10S,NA,NA
7395,8/24/2020,35,2,23,10,S,18:35,F,534,18:40,coho,,2.1,64.31762,-161.13248,5-5/8 in,0.4,0.2,60,60,1,,25,5,8/24/2020 18:40,1598294400,"4,5,U",U,1b,8/26/2020 14:47,1598482027,187627,2d 4H 7M 7S,6,U
7415,8/24/2020,35,2,24,1,N,18:50,M,564,18:56,coho,,2.1,64.31762,-161.13248,5-7/8 in,0.4,0.2,60,60,1,,25,5,8/24/2020 18:56,1598295360,"4,E",NA,1a,9/3/2020 8:55,1599152147,856787,9d 21H 59M 47S,6,E
7435,8/25/2020,35,2,25,1,S,9:30,F,571,9:34,coho,,3,64.18224,-160.95758,5-5/8 in,1.5,1,54,58,1,,100,5,8/25/2020 9:34,1598348040,"4,5",NA,3a,8/26/2020 5:40,1598449210,101170,1d 4H 6M 10S,NA,NA
7455,8/25/2020,35,2,25,2,S,9:52,M,543,9:59,sockeye,,7,64.18224,-160.95758,5-5/8 in,1.5,1,54,58,1,,100,5,8/25/2020 9:59,1598349540,NA,NA,4,NA,NA,NA,NA,NA,NA
7475,8/25/2020,35,2,25,3,S,10:02,F,575,10:07,coho,,3,64.18224,-160.95758,5-7/8 in,1.5,1,54,58,1,,100,5,8/25/2020 10:07,1598350020,"4,5,U",NA,1a,8/26/2020 19:21,1598498467,148447,1d 17H 14M 7S,6,U
7495,8/25/2020,35,2,25,4,S,10:09,F,564,10:18,coho,,1.1,64.18224,-160.95758,5-5/8 in,1.5,1,54,58,1,,100,5,8/25/2020 10:18,1598350680,"4,4",NA,3a,8/26/2020 21:36,1598506603,155923,1d 19H 18M 43S,NA,NA
7515,8/25/2020,35,2,25,5,S,10:12,F,536,10:20,coho,,1.1,64.18224,-160.95758,5-5/8 in,1.5,1,54,58,1,,100,5,8/25/2020 10:20,1598350800,4,NA,3a,8/25/2020 21:07,1598418455,67655,18H 47M 35S,NA,NA
7535,8/25/2020,35,2,25,6,N,10:13,F,624,10:21,coho,Big.,2.1,64.18224,-160.95758,5-5/8 in,1.5,1,54,58,1,,100,5,8/25/2020 10:21,1598350860,4,NA,3a,8/25/2020 21:26,1598419611,68751,19H 5M 51S,NA,NA
7555,8/25/2020,35,2,25,7,N,10:15,M,543,10:25,coho,Gash,2.1,64.18224,-160.95758,5-7/8 in,1.5,1,54,58,1,,100,5,8/25/2020 10:25,1598351100,4,NA,3a,8/26/2020 0:43,1598431395,80295,22H 18M 15S,NA,NA
7575,8/25/2020,35,2,25,8,N,10:30,F,538,10:40,coho,,1.1,64.18224,-160.95758,5-7/8 in,1.5,1,54,58,1,,100,5,8/25/2020 10:40,1598352000,4,NA,3a,8/25/2020 19:40,1598413230,61230,17H 0M 30S,NA,NA
7595,8/25/2020,35,2,25,9,S,10:35,M,575,10:42,coho,,1.1,64.18224,-160.95758,5-7/8 in,1.5,1,54,58,1,,100,5,8/25/2020 10:42,1598352120,NA,NA,4,NA,NA,NA,NA,NA,NA
7615,8/25/2020,35,2,25,10,S,10:35,F,575,10:44,coho,,3,64.18224,-160.95758,5-5/8 in,1.5,1,54,58,1,,100,5,8/25/2020 10:44,1598352240,"3,2,3,S",NA,1a,9/3/2020 10:44,1599158663,806423,9d 8H 0M 23S,5,S
7635,8/25/2020,35,2,26,1,S,10:35,F,537,10:46,coho,,1.1,64.18224,-160.95758,5-5/8 in,1.5,1,54,58,1,,100,5,8/25/2020 10:46,1598352360,"4,5",NA,3a,8/27/2020 19:18,1598584687,232327,2d 16H 32M 7S,NA,NA
7655,8/25/2020,35,2,26,2,S,10:36,F,509,10:50,coho,,2.1,64.18224,-160.95758,5-5/8 in,1.5,1,54,58,1,,100,5,8/25/2020 10:50,1598352600,"4,4",NA,3a,8/27/2020 10:09,1598551757,199157,2d 7H 19M 17S,NA,NA
7675,8/25/2020,35,2,26,3,S,10:36,M,556,10:53,coho,Previous 6 fish (8th-3rd) hit simultaneously. Reset only 5 5/8.,1.1,64.18224,-160.95758,5-5/8 in,1.5,1,54,58,1,,100,5,8/25/2020 10:53,1598352780,3,NA,3a,8/27/2020 19:31,1598585510,232730,2d 16H 38M 50S,NA,NA
7695,8/25/2020,35,2,26,4,N,11:12,M,535,11:15,coho,,2.1,64.18224,-160.95758,5-5/8 in,1.5,1,54,58,1,,100,5,8/25/2020 11:15,1598354100,"4,5,6,7",NA,2a,8/27/2020 14:17,1598566651,212551,2d 11H 2M 31S,S,NA
7715,8/25/2020,35,2,26,5,N,11:48,M,551,11:52,coho,,2.1,64.18224,-160.95758,5-5/8 in,1.5,1,54,58,1,,100,5,8/25/2020 11:52,1598356320,"4,5",NA,3a,8/26/2020 0:02,1598428925,72605,20H 10M 5S,NA,NA
7735,8/25/2020,35,2,26,6,N,11:52,F,501,11:58,coho,,1.1,64.18224,-160.95758,5-5/8 in,1.5,1,54,58,1,,100,5,8/25/2020 11:58,1598356680,NA,NA,4,NA,NA,NA,NA,NA,NA
7755,8/25/2020,35,2,26,7,S,12:08,F,541,12:14,coho,,2.1,64.18224,-160.95758,5-5/8 in,1.5,1,54,58,1,,100,5,8/25/2020 12:14,1598357640,NA,NA,4,NA,NA,NA,NA,NA,NA
7775,8/25/2020,35,2,26,8,S,12:27,F,546,12:32,coho,,1.1,64.18224,-160.95758,5-5/8 in,1.5,1,54,58,1,,100,5,8/25/2020 12:32,1598358720,NA,NA,4,NA,NA,NA,NA,NA,NA
7795,8/25/2020,35,2,26,9,S,12:58,M,515,13:00,sockeye,,7,64.18224,-160.95758,5-5/8 in,1.5,1,54,58,1,,100,5,8/25/2020 13:00,1598360400,4,NA,3a,8/25/2020 18:33,1598409239,48839,13H 33M 59S,NA,NA
7815,8/25/2020,35,2,26,10,N,13:23,F,562,13:27,coho,,1.1,64.24375,-160.9934,5-7/8 in,1.1,0.8,58,60,1,,75,5,8/25/2020 13:27,1598362020,S,NA,1a,8/28/2020 9:09,1598634590,272570,3d 3H 42M 50S,5,S
7835,8/25/2020,35,2,27,1,S,13:59,M,546,14:02,coho,,1.1,64.24375,-160.9934,5-7/8 in,1.1,0.8,58,60,1,,75,5,8/25/2020 14:02,1598364120,"4,5,U",NA,1a,8/26/2020 18:33,1598495632,131512,1d 12H 31M 52S,6,U
7855,8/25/2020,35,2,27,2,N,14:20,M,560,14:26,sockeye,,7,64.24375,-160.9934,5-7/8 in,1.1,0.8,58,60,1,,75,5,8/25/2020 14:26,1598365560,"4,5",NA,3a,8/26/2020 14:39,1598481564,116004,1d 8H 13M 24S,NA,NA
7875,8/26/2020,35,2,28,1,S,9:50,F,594,9:59,coho,,3,64.20171,-160.95265,5-7/8 in,1.4,1.3,52,60,1,SE,50,5,8/26/2020 9:59,1598435940,4,NA,3a,8/27/2020 11:09,1598555354,119414,1d 9H 10M 14S,NA,NA
7895,8/26/2020,35,2,28,2,S,9:50,F,536,10:00,coho,,3,64.20171,-160.95265,5-7/8 in,1.4,1.3,52,60,1,SE,50,5,8/26/2020 10:00,1598436000,"4,7",NA,2a,8/27/2020 22:36,1598596593,160593,1d 20H 36M 33S,S,NA
7915,8/26/2020,35,2,28,3,N,10:39,F,535,10:44,coho,,2.1,64.20171,-160.95265,5-7/8 in,1.4,1.3,52,60,1,SE,50,5,8/26/2020 10:44,1598438640,NA,NA,4,NA,NA,NA,NA,NA,NA
7935,8/26/2020,35,2,28,4,S,11:48,F,541,11:51,coho,,3,64.2718,-161.04591,5-7/8 in,1.5,1.25,50,60,1,E,50,5,8/26/2020 11:51,1598442660,S,NA,1a,8/27/2020 22:55,1598597729,155069,1d 19H 4M 29S,5,S
7955,8/26/2020,35,2,28,5,S,12:03,F,563,12:08,coho,,2.1,64.2718,-161.04591,5-7/8 in,1.5,1.25,50,60,1,E,50,5,8/26/2020 12:08,1598443680,"4,5,U",NA,1a,8/28/2020 21:38,1598679490,235810,2d 17H 30M 10S,6,U
7975,8/26/2020,35,2,28,6,S,12:17,M,508,12:24,coho,"Reabsorbed scales, spawning colors",3.1,64.2718,-161.04591,5-7/8 in,1.5,1.25,50,60,1,E,50,5,8/26/2020 12:24,1598444640,S,NA,1a,8/27/2020 17:44,1598579092,134452,1d 13H 20M 52S,5,S
7995,8/26/2020,35,2,28,7,S,12:38,F,613,12:46,coho,,1.1,64.2718,-161.04591,5-7/8 in,1.5,1.25,50,60,1,E,50,5,8/26/2020 12:46,1598445960,"4,5",NA,3a,8/27/2020 18:38,1598582311,136351,1d 13H 52M 31S,NA,NA
